GEO.id,GEO.id2,GEO.display-label,HC01_VC03,HC02_VC03,HC03_VC03,HC04_VC03,HC01_VC05,HC02_VC05,HC03_VC05,HC04_VC05,HC01_VC35,HC02_VC35,HC03_VC35,HC04_VC35,HC01_VC38,HC02_VC38,HC03_VC38,HC04_VC38,HC01_VC41,HC02_VC41,HC03_VC41,HC04_VC41,HC01_VC44,HC02_VC44,HC03_VC44,HC04_VC44,HC01_VC53,HC02_VC53,HC03_VC53,HC04_VC53,HC01_VC92,HC02_VC92,HC03_VC92,HC04_VC92,HC01_VC93,HC02_VC93,HC03_VC93,HC04_VC93,HC01_VC94,HC02_VC94,HC03_VC94,HC04_VC94,HC01_VC98,HC02_VC98,HC03_VC98,HC04_VC98,HC01_VC99,HC02_VC99,HC03_VC99,HC04_VC99,HC01_VC100,HC02_VC100,HC03_VC100,HC04_VC100,HC01_VC101,HC02_VC101,HC03_VC101,HC04_VC101,HC01_VC102,HC02_VC102,HC03_VC102,HC04_VC102,HC01_VC103,HC02_VC103,HC03_VC103,HC04_VC103,HC01_VC104,HC02_VC104,HC03_VC104,HC04_VC104
Id,Id2,Geography,Estimate; SEX AND AGE - Total population,Margin of Error; SEX AND AGE - Total population,Percent; SEX AND AGE - Total population,Percent Margin of Error; SEX AND AGE - Total population,Estimate; SEX AND AGE - Total population - Female,Margin of Error; SEX AND AGE - Total population - Female,Percent; SEX AND AGE - Total population - Female,Percent Margin of Error; SEX AND AGE - Total population - Female,Estimate; SEX AND AGE - 18 years and over,Margin of Error; SEX AND AGE - 18 years and over,Percent; SEX AND AGE - 18 years and over,Percent Margin of Error; SEX AND AGE - 18 years and over,Estimate; SEX AND AGE - 18 years and over - Sex ratio (males per 100 females),Margin of Error; SEX AND AGE - 18 years and over - Sex ratio (males per 100 females),Percent; SEX AND AGE - 18 years and over - Sex ratio (males per 100 females),Percent Margin of Error; SEX AND AGE - 18 years and over - Sex ratio (males per 100 females),Estimate; SEX AND AGE - 65 years and over,Margin of Error; SEX AND AGE - 65 years and over,Percent; SEX AND AGE - 65 years and over,Percent Margin of Error; SEX AND AGE - 65 years and over,Estimate; SEX AND AGE - 65 years and over - Sex ratio (males per 100 females),Margin of Error; SEX AND AGE - 65 years and over - Sex ratio (males per 100 females),Percent; SEX AND AGE - 65 years and over - Sex ratio (males per 100 females),Percent Margin of Error; SEX AND AGE - 65 years and over - Sex ratio (males per 100 females),Estimate; RACE - One race,Margin of Error; RACE - One race,Percent; RACE - One race,Percent Margin of Error; RACE - One race,Estimate; HISPANIC OR LATINO AND RACE - Total population,Margin of Error; HISPANIC OR LATINO AND RACE - Total population,Percent; HISPANIC OR LATINO AND RACE - Total population,Percent Margin of Error; HISPANIC OR LATINO AND RACE - Total population,Estimate; HISPANIC OR LATINO AND RACE - Total population - Hispanic or Latino (of any race),Margin of Error; HISPANIC OR LATINO AND RACE - Total population - Hispanic or Latino (of any race),Percent; HISPANIC OR LATINO AND RACE - Total population - Hispanic or Latino (of any race),Percent Margin of Error; HISPANIC OR LATINO AND RACE - Total population - Hispanic or Latino (of any race),Estimate; HISPANIC OR LATINO AND RACE - Total population - Hispanic or Latino (of any race) - Mexican,Margin of Error; HISPANIC OR LATINO AND RACE - Total population - Hispanic or Latino (of any race) - Mexican,Percent; HISPANIC OR LATINO AND RACE - Total population - Hispanic or Latino (of any race) - Mexican,Percent Margin of Error; HISPANIC OR LATINO AND RACE - Total population - Hispanic or Latino (of any race) - Mexican,Estimate; HISPANIC OR LATINO AND RACE - Total population - Not Hispanic or Latino,Margin of Error; HISPANIC OR LATINO AND RACE - Total population - Not Hispanic or Latino,Percent; HISPANIC OR LATINO AND RACE - Total population - Not Hispanic or Latino,Percent Margin of Error; HISPANIC OR LATINO AND RACE - Total population - Not Hispanic or Latino,Estimate; HISPANIC OR LATINO AND RACE - Total population - Not Hispanic or Latino - White alone,Margin of Error; HISPANIC OR LATINO AND RACE - Total population - Not Hispanic or Latino - White alone,Percent; HISPANIC OR LATINO AND RACE - Total population - Not Hispanic or Latino - White alone,Percent Margin of Error; HISPANIC OR LATINO AND RACE - Total population - Not Hispanic or Latino - White alone,Estimate; HISPANIC OR LATINO AND RACE - Total population - Not Hispanic or Latino - Black or African American alone,Margin of Error; HISPANIC OR LATINO AND RACE - Total population - Not Hispanic or Latino - Black or African American alone,Percent; HISPANIC OR LATINO AND RACE - Total population - Not Hispanic or Latino - Black or African American alone,Percent Margin of Error; HISPANIC OR LATINO AND RACE - Total population - Not Hispanic or Latino - Black or African American alone,Estimate; HISPANIC OR LATINO AND RACE - Total population - Not Hispanic or Latino - American Indian and Alaska Native alone,Margin of Error; HISPANIC OR LATINO AND RACE - Total population - Not Hispanic or Latino - American Indian and Alaska Native alone,Percent; HISPANIC OR LATINO AND RACE - Total population - Not Hispanic or Latino - American Indian and Alaska Native alone,Percent Margin of Error; HISPANIC OR LATINO AND RACE - Total population - Not Hispanic or Latino - American Indian and Alaska Native alone,Estimate; HISPANIC OR LATINO AND RACE - Total population - Not Hispanic or Latino - Asian alone,Margin of Error; HISPANIC OR LATINO AND RACE - Total population - Not Hispanic or Latino - Asian alone,Percent; HISPANIC OR LATINO AND RACE - Total population - Not Hispanic or Latino - Asian alone,Percent Margin of Error; HISPANIC OR LATINO AND RACE - Total population - Not Hispanic or Latino - Asian alone,Estimate; HISPANIC OR LATINO AND RACE - Total population - Not Hispanic or Latino - Native Hawaiian and Other Pacific Islander alone,Margin of Error; HISPANIC OR LATINO AND RACE - Total population - Not Hispanic or Latino - Native Hawaiian and Other Pacific Islander alone,Percent; HISPANIC OR LATINO AND RACE - Total population - Not Hispanic or Latino - Native Hawaiian and Other Pacific Islander alone,Percent Margin of Error; HISPANIC OR LATINO AND RACE - Total population - Not Hispanic or Latino - Native Hawaiian and Other Pacific Islander alone,Estimate; HISPANIC OR LATINO AND RACE - Total population - Not Hispanic or Latino - Some other race alone,Margin of Error; HISPANIC OR LATINO AND RACE - Total population - Not Hispanic or Latino - Some other race alone,Percent; HISPANIC OR LATINO AND RACE - Total population - Not Hispanic or Latino - Some other race alone,Percent Margin of Error; HISPANIC OR LATINO AND RACE - Total population - Not Hispanic or Latino - Some other race alone
0500000US48001,48001,"Anderson County, Texas",57747,*****,57747,(X),22455,143,38.9,0.2,46513,25,46513,(X),171.5,0.8,(X),(X),8134,139,8134,(X),86.2,2.3,(X),(X),56817,252,98.4,0.4,57747,*****,57747,(X),9981,*****,17.3,*****,8816,532,15.3,0.9,47766,*****,82.7,*****,34468,14,59.7,0.1,12075,190,20.9,0.3,160,56,0.3,0.1,314,82,0.5,0.1,22,28,0.0,0.1,11,14,0.0,0.1
0500000US48003,48003,"Andrews County, Texas",17577,*****,17577,(X),8597,79,48.9,0.5,12097,33,12097,(X),102.9,1.7,(X),(X),1788,77,1788,(X),80.2,2.9,(X),(X),17250,157,98.1,0.9,17577,*****,17577,(X),9737,*****,55.4,*****,9570,100,54.4,0.6,7840,*****,44.6,*****,7229,12,41.1,0.1,265,186,1.5,1.1,16,29,0.1,0.2,37,63,0.2,0.4,9,19,0.1,0.1,0,21,0.0,0.2
0500000US48005,48005,"Angelina County, Texas",87700,*****,87700,(X),44993,91,51.3,0.1,64838,28,64838,(X),93.1,0.3,(X),(X),13385,50,13385,(X),77.1,1.0,(X),(X),86099,454,98.2,0.5,87700,*****,87700,(X),18871,*****,21.5,*****,17607,447,20.1,0.5,68829,*****,78.5,*****,53704,50,61.2,0.1,12878,349,14.7,0.4,60,44,0.1,0.1,933,72,1.1,0.1,9,18,0.0,0.1,94,80,0.1,0.1
0500000US48007,48007,"Aransas County, Texas",24832,*****,24832,(X),12384,200,49.9,0.8,20119,113,20119,(X),98.0,1.9,(X),(X),6427,74,6427,(X),95.0,2.1,(X),(X),23666,452,95.3,1.8,24832,*****,24832,(X),6714,*****,27.0,*****,5773,478,23.2,1.9,18118,*****,73.0,*****,16803,49,67.7,0.2,390,62,1.6,0.2,6,6,0.0,0.1,500,51,2.0,0.2,0,25,0.0,0.2,26,48,0.1,0.2
0500000US48009,48009,"Archer County, Texas",8793,*****,8793,(X),4458,57,50.7,0.6,6841,19,6841,(X),94.8,2.1,(X),(X),1647,25,1647,(X),85.9,2.2,(X),(X),8583,79,97.6,0.9,8793,*****,8793,(X),731,*****,8.3,*****,669,49,7.6,0.6,8062,*****,91.7,*****,7787,19,88.6,0.5,74,48,0.8,0.6,23,29,0.3,0.3,34,45,0.4,0.5,0,19,0.0,0.5,0,19,0.0,0.5
0500000US48011,48011,"Armstrong County, Texas",1929,117,1929,(X),955,70,49.5,2.6,1512,73,1512,(X),96.9,8.5,(X),(X),401,46,401,(X),71.4,9.8,(X),(X),1905,114,98.8,1.1,1929,117,1929,(X),192,61,10.0,3.0,189,65,9.8,3.2,1737,111,90.0,3.0,1671,108,86.6,3.1,24,20,1.2,1.0,26,22,1.3,1.1,0,13,0.0,2.0,0,13,0.0,2.0,0,13,0.0,2.0
0500000US48013,48013,"Atascosa County, Texas",48139,*****,48139,(X),24088,118,50.0,0.2,34722,126,34722,(X),98.2,0.9,(X),(X),6696,66,6696,(X),86.4,1.2,(X),(X),46442,652,96.5,1.4,48139,*****,48139,(X),30585,*****,63.5,*****,27696,808,57.5,1.7,17554,*****,36.5,*****,16480,65,34.2,0.1,353,104,0.7,0.2,55,63,0.1,0.1,186,56,0.4,0.1,0,28,0.0,0.1,12,22,0.0,0.1
0500000US48015,48015,"Austin County, Texas",29292,*****,29292,(X),14818,80,50.6,0.3,22212,35,22212,(X),96.9,0.7,(X),(X),5281,66,5281,(X),84.8,1.9,(X),(X),28517,209,97.4,0.7,29292,*****,29292,(X),7598,*****,25.9,*****,7196,213,24.6,0.7,21694,*****,74.1,*****,18533,38,63.3,0.1,2601,101,8.9,0.3,11,19,0.0,0.1,58,57,0.2,0.2,0,25,0.0,0.1,28,38,0.1,0.1
0500000US48017,48017,"Bailey County, Texas",7098,*****,7098,(X),3420,122,48.2,1.7,5041,118,5041,(X),113.5,7.3,(X),(X),1013,147,1013,(X),90.1,15.8,(X),(X),7089,19,99.9,0.3,7098,*****,7098,(X),4447,215,62.7,3.0,4317,245,60.8,3.5,2651,215,37.3,3.0,2459,196,34.6,2.8,108,82,1.5,1.2,5,11,0.1,0.2,63,69,0.9,1.0,16,23,0.2,0.3,0,19,0.0,0.6
0500000US48019,48019,"Bandera County, Texas",21316,*****,21316,(X),10746,153,50.4,0.7,17608,52,17608,(X),96.3,1.7,(X),(X),5433,46,5433,(X),100.4,5.3,(X),(X),20313,371,95.3,1.7,21316,*****,21316,(X),3836,*****,18.0,*****,3177,284,14.9,1.3,17480,*****,82.0,*****,16788,31,78.8,0.1,213,179,1.0,0.8,48,54,0.2,0.3,47,54,0.2,0.3,0,25,0.0,0.2,16,27,0.1,0.1
0500000US48021,48021,"Bastrop County, Texas",80306,*****,80306,(X),39461,159,49.1,0.2,59709,*****,59709,(X),104.1,0.4,(X),(X),11115,129,11115,(X),86.8,2.6,(X),(X),78805,431,98.1,0.5,80306,*****,80306,(X),28883,*****,36.0,*****,25795,941,32.1,1.2,51423,*****,64.0,*****,43147,278,53.7,0.3,6219,84,7.7,0.1,353,116,0.4,0.1,686,73,0.9,0.1,0,31,0.0,0.1,368,264,0.5,0.3
0500000US48023,48023,"Baylor County, Texas",3602,*****,3602,(X),1862,97,51.7,2.7,2820,93,2820,(X),85.8,8.4,(X),(X),861,81,861,(X),76.1,11.2,(X),(X),3489,71,96.9,2.0,3602,*****,3602,(X),365,142,10.1,4.0,330,140,9.2,3.9,3237,142,89.9,4.0,3020,151,83.8,4.2,116,84,3.2,2.3,0,13,0.0,1.1,0,13,0.0,1.1,0,13,0.0,1.1,0,13,0.0,1.1
0500000US48025,48025,"Bee County, Texas",32729,*****,32729,(X),12846,194,39.2,0.6,25707,75,25707,(X),173.6,4.0,(X),(X),3843,106,3843,(X),82.2,2.6,(X),(X),32300,185,98.7,0.6,32729,*****,32729,(X),19058,*****,58.2,*****,17998,373,55.0,1.1,13671,*****,41.8,*****,10555,28,32.2,0.1,2697,47,8.2,0.1,151,2,0.5,0.1,155,75,0.5,0.2,3,6,0.0,0.1,27,37,0.1,0.1
0500000US48027,48027,"Bell County, Texas",336506,*****,336506,(X),168359,135,50.0,0.1,242982,*****,242982,(X),98.8,0.1,(X),(X),33740,62,33740,(X),79.1,0.3,(X),(X),319270,1286,94.9,0.4,336506,*****,336506,(X),80846,*****,24.0,*****,56875,2048,16.9,0.6,255660,*****,76.0,*****,158932,108,47.2,0.1,70588,1029,21.0,0.3,977,237,0.3,0.1,9378,587,2.8,0.2,2348,93,0.7,0.1,325,151,0.1,0.1
0500000US48029,48029,"Bexar County, Texas",1892004,*****,1892004,(X),959427,198,50.7,0.1,1398786,143,1398786,(X),95.0,0.1,(X),(X),215795,72,215795,(X),75.6,0.1,(X),(X),1832527,2797,96.9,0.1,1892004,*****,1892004,(X),1130949,*****,59.8,*****,1009736,4675,53.4,0.2,761055,*****,40.2,*****,537451,631,28.4,0.1,133212,1257,7.0,0.1,2866,452,0.2,0.1,49745,1103,2.6,0.1,1772,285,0.1,0.1,2844,569,0.2,0.1
0500000US48031,48031,"Blanco County, Texas",11089,*****,11089,(X),5513,65,49.7,0.6,9022,4,9022,(X),97.2,2.5,(X),(X),2625,136,2625,(X),93.3,5.1,(X),(X),10712,86,96.6,0.8,11089,*****,11089,(X),2119,*****,19.1,*****,1768,172,15.9,1.6,8970,*****,80.9,*****,8601,13,77.6,0.1,1,2,0.0,0.1,0,21,0.0,0.4,64,73,0.6,0.7,0,21,0.0,0.4,0,21,0.0,0.4
0500000US48033,48033,"Borden County, Texas",602,105,602,(X),293,52,48.7,5.0,435,63,435,(X),93.3,17.0,(X),(X),142,33,142,(X),89.3,23.5,(X),(X),602,105,100.0,6.4,602,105,602,(X),46,28,7.6,4.7,46,28,7.6,4.7,556,105,92.4,4.7,556,105,92.4,4.7,0,13,0.0,6.4,0,13,0.0,6.4,0,13,0.0,6.4,0,13,0.0,6.4,0,13,0.0,6.4
0500000US48035,48035,"Bosque County, Texas",17955,*****,17955,(X),9124,49,50.8,0.3,14053,17,14053,(X),94.7,1.2,(X),(X),4324,78,4324,(X),91.4,3.2,(X),(X),17583,93,97.9,0.5,17955,*****,17955,(X),3154,*****,17.6,*****,2988,92,16.6,0.5,14801,*****,82.4,*****,14127,7,78.7,0.1,246,82,1.4,0.5,59,45,0.3,0.2,57,38,0.3,0.2,0,21,0.0,0.2,0,21,0.0,0.2
0500000US48037,48037,"Bowie County, Texas",93635,*****,93635,(X),46462,255,49.6,0.3,71374,*****,71374,(X),100.6,0.8,(X),(X),14813,135,14813,(X),76.0,2.2,(X),(X),91069,583,97.3,0.6,93635,*****,93635,(X),6932,*****,7.4,*****,5687,436,6.1,0.5,86703,*****,92.6,*****,60361,8,64.5,0.1,22371,475,23.9,0.5,792,89,0.8,0.1,892,142,1.0,0.2,16,24,0.0,0.1,30,34,0.0,0.1
0500000US48039,48039,"Brazoria County, Texas",345995,*****,345995,(X),170839,69,49.4,0.1,253182,*****,253182,(X),101.6,*****,(X),(X),38356,66,38356,(X),85.0,0.3,(X),(X),338141,1083,97.7,0.3,345995,*****,345995,(X),102715,*****,29.7,*****,91751,1609,26.5,0.5,243280,*****,70.3,*****,169835,155,49.1,0.1,44790,695,12.9,0.2,1054,317,0.3,0.1,21494,533,6.2,0.2,7,9,0.0,0.1,443,272,0.1,0.1
0500000US48041,48041,"Brazos County, Texas",214231,*****,214231,(X),105753,80,49.4,0.1,170001,*****,170001,(X),102.4,0.1,(X),(X),18110,67,18110,(X),79.9,0.6,(X),(X),207578,966,96.9,0.5,214231,*****,214231,(X),53696,*****,25.1,*****,45717,1146,21.3,0.5,160535,*****,74.9,*****,121439,106,56.7,0.1,21819,413,10.2,0.2,238,109,0.1,0.1,12857,268,6.0,0.1,83,57,0.0,0.1,214,116,0.1,0.1
0500000US48043,48043,"Brewster County, Texas",9220,*****,9220,(X),4756,125,51.6,1.4,7377,33,7377,(X),98.9,1.7,(X),(X),1863,23,1863,(X),94.3,2.2,(X),(X),9025,99,97.9,1.1,9220,*****,9220,(X),4079,*****,44.2,*****,3638,164,39.5,1.8,5141,*****,55.8,*****,4768,21,51.7,0.2,13,11,0.1,0.1,153,63,1.7,0.7,99,9,1.1,0.1,0,19,0.0,0.4,12,21,0.1,0.2
0500000US48045,48045,"Briscoe County, Texas",1591,108,1591,(X),795,75,50.0,3.0,1270,86,1270,(X),105.5,12.6,(X),(X),368,61,368,(X),87.8,21.9,(X),(X),1497,113,94.1,1.9,1591,108,1591,(X),513,118,32.2,6.5,472,127,29.7,7.2,1078,109,67.8,6.5,964,108,60.6,6.2,27,18,1.7,1.1,0,13,0.0,2.5,0,13,0.0,2.5,16,18,1.0,1.1,0,13,0.0,2.5
0500000US48047,48047,"Brooks County, Texas",7251,*****,7251,(X),3501,246,48.3,3.4,5266,287,5266,(X),114.0,19.5,(X),(X),1073,186,1073,(X),86.9,21.7,(X),(X),7055,116,97.3,1.6,7251,*****,7251,(X),6824,207,94.1,2.9,6323,293,87.2,4.0,427,207,5.9,2.9,417,208,5.8,2.9,5,5,0.1,0.1,0,19,0.0,0.5,0,19,0.0,0.5,0,19,0.0,0.5,0,19,0.0,0.5
0500000US48049,48049,"Brown County, Texas",37787,*****,37787,(X),19046,91,50.4,0.2,29214,70,29214,(X),96.2,1.1,(X),(X),7250,108,7250,(X),84.1,2.2,(X),(X),37154,139,98.3,0.4,37787,*****,37787,(X),8119,*****,21.5,*****,7547,218,20.0,0.6,29668,*****,78.5,*****,27465,5,72.7,0.1,1369,76,3.6,0.2,92,52,0.2,0.1,238,46,0.6,0.1,0,28,0.0,0.1,3,5,0.0,0.1
0500000US48051,48051,"Burleson County, Texas",17596,*****,17596,(X),8815,148,50.1,0.8,13602,23,13602,(X),95.7,0.3,(X),(X),3537,37,3537,(X),85.6,1.7,(X),(X),17212,141,97.8,0.8,17596,*****,17596,(X),3537,*****,20.1,*****,3150,181,17.9,1.0,14059,*****,79.9,*****,11561,21,65.7,0.2,2169,110,12.3,0.6,31,30,0.2,0.2,59,63,0.3,0.4,0,21,0.0,0.2,0,21,0.0,0.2
0500000US48053,48053,"Burnet County, Texas",45017,*****,45017,(X),22783,180,50.6,0.4,35229,72,35229,(X),95.2,1.7,(X),(X),9666,214,9666,(X),88.1,2.0,(X),(X),44366,312,98.6,0.7,45017,*****,45017,(X),9857,*****,21.9,*****,9140,368,20.3,0.8,35160,*****,78.1,*****,33365,12,74.1,0.1,696,257,1.5,0.6,276,95,0.6,0.2,328,20,0.7,0.1,0,28,0.0,0.1,0,28,0.0,0.1
0500000US48055,48055,"Caldwell County, Texas",40544,*****,40544,(X),19981,134,49.3,0.3,30771,175,30771,(X),99.4,1.4,(X),(X),5362,71,5362,(X),82.5,2.8,(X),(X),39746,230,98.0,0.6,40544,*****,40544,(X),20537,*****,50.7,*****,18532,601,45.7,1.5,20007,*****,49.3,*****,16661,14,41.1,0.1,2458,109,6.1,0.3,86,48,0.2,0.1,393,21,1.0,0.1,23,32,0.1,0.1,0,28,0.0,0.1
0500000US48057,48057,"Calhoun County, Texas",21821,*****,21821,(X),10845,82,49.7,0.4,16339,14,16339,(X),100.6,1.6,(X),(X),3609,106,3609,(X),91.5,4.8,(X),(X),20965,304,96.1,1.4,21821,*****,21821,(X),10503,*****,48.1,*****,9429,543,43.2,2.5,11318,*****,51.9,*****,9426,25,43.2,0.2,567,70,2.6,0.3,13,12,0.1,0.1,1079,61,4.9,0.3,14,23,0.1,0.1,0,25,0.0,0.2
0500000US48059,48059,"Callahan County, Texas",13660,*****,13660,(X),7010,90,51.3,0.7,10392,83,10392,(X),95.4,1.7,(X),(X),2662,51,2662,(X),87.5,3.4,(X),(X),13308,104,97.4,0.8,13660,*****,13660,(X),1249,*****,9.1,*****,1134,89,8.3,0.7,12411,*****,90.9,*****,11862,21,86.8,0.3,201,111,1.5,0.8,8,12,0.1,0.1,33,28,0.2,0.2,0,21,0.0,0.3,0,21,0.0,0.3
0500000US48061,48061,"Cameron County, Texas",420201,*****,420201,(X),216544,161,51.5,0.1,288225,20,288225,(X),89.8,0.1,(X),(X),52630,91,52630,(X),79.4,0.4,(X),(X),416527,901,99.1,0.2,420201,*****,420201,(X),375256,*****,89.3,*****,362538,1386,86.3,0.3,44945,*****,10.7,*****,39240,131,9.3,0.1,1560,159,0.4,0.1,514,102,0.1,0.1,2706,189,0.6,0.1,19,32,0.0,0.1,150,123,0.0,0.1
0500000US48063,48063,"Camp County, Texas",12670,*****,12670,(X),6455,100,50.9,0.8,9310,9,9310,(X),91.5,1.4,(X),(X),2254,52,2254,(X),92.0,5.2,(X),(X),12407,150,97.9,1.2,12670,*****,12670,(X),3034,*****,23.9,*****,2962,61,23.4,0.5,9636,*****,76.1,*****,7168,21,56.6,0.3,2140,143,16.9,1.1,49,25,0.4,0.2,40,63,0.3,0.5,0,21,0.0,0.3,0,21,0.0,0.3
0500000US48065,48065,"Carson County, Texas",6033,*****,6033,(X),3145,60,52.1,1.0,4513,10,4513,(X),93.3,4.0,(X),(X),1047,38,1047,(X),88.3,6.0,(X),(X),5882,80,97.5,1.3,6033,*****,6033,(X),586,*****,9.7,*****,428,104,7.1,1.7,5447,*****,90.3,*****,5215,19,86.4,0.7,39,34,0.6,0.6,23,22,0.4,0.4,32,27,0.5,0.4,13,16,0.2,0.3,0,19,0.0,0.7
0500000US48067,48067,"Cass County, Texas",30118,*****,30118,(X),15519,168,51.5,0.6,23249,58,23249,(X),90.3,1.3,(X),(X),6338,54,6338,(X),80.8,1.4,(X),(X),29550,172,98.1,0.6,30118,*****,30118,(X),1306,*****,4.3,*****,1209,73,4.0,0.2,28812,*****,95.7,*****,23015,28,76.4,0.1,5106,165,17.0,0.5,4,8,0.0,0.1,128,59,0.4,0.2,14,21,0.0,0.1,2,6,0.0,0.1
0500000US48069,48069,"Castro County, Texas",7891,*****,7891,(X),3933,48,49.8,0.6,5547,*****,5547,(X),102.7,0.8,(X),(X),1142,13,1142,(X),90.7,2.3,(X),(X),7742,66,98.1,0.8,7891,*****,7891,(X),5039,*****,63.9,*****,4858,131,61.6,1.7,2852,*****,36.1,*****,2595,9,32.9,0.1,54,43,0.7,0.6,6,7,0.1,0.1,93,56,1.2,0.7,2,3,0.0,0.1,10,14,0.1,0.2
0500000US48071,48071,"Chambers County, Texas",39283,*****,39283,(X),19604,157,49.9,0.4,28290,24,28290,(X),100.3,0.8,(X),(X),4193,94,4193,(X),87.4,4.2,(X),(X),38786,201,98.7,0.5,39283,*****,39283,(X),8396,*****,21.4,*****,7594,465,19.3,1.2,30887,*****,78.6,*****,26720,28,68.0,0.1,3154,182,8.0,0.5,42,47,0.1,0.1,506,50,1.3,0.1,0,28,0.0,0.1,0,28,0.0,0.1
0500000US48073,48073,"Cherokee County, Texas",51594,*****,51594,(X),25287,122,49.0,0.2,38433,58,38433,(X),103.3,1.3,(X),(X),8657,72,8657,(X),85.5,2.1,(X),(X),50333,459,97.6,0.9,51594,*****,51594,(X),11605,*****,22.5,*****,11218,177,21.7,0.3,39989,*****,77.5,*****,31603,15,61.3,0.1,6991,243,13.6,0.5,264,91,0.5,0.2,302,31,0.6,0.1,0,31,0.0,0.1,12,19,0.0,0.1
0500000US48075,48075,"Childress County, Texas",7064,*****,7064,(X),3131,213,44.3,3.0,5640,147,5640,(X),144.9,17.6,(X),(X),1072,149,1072,(X),59.5,20.7,(X),(X),6952,86,98.4,1.2,7064,*****,7064,(X),1536,268,21.7,3.8,1354,246,19.2,3.5,5528,268,78.3,3.8,4525,306,64.1,4.3,512,165,7.2,2.3,68,51,1.0,0.7,102,84,1.4,1.2,242,275,3.4,3.9,0,19,0.0,0.6
0500000US48077,48077,"Clay County, Texas",10369,*****,10369,(X),5185,49,50.0,0.5,8167,*****,8167,(X),97.7,1.9,(X),(X),2214,47,2214,(X),93.2,5.3,(X),(X),10144,55,97.8,0.5,10369,*****,10369,(X),587,*****,5.7,*****,546,39,5.3,0.4,9782,*****,94.3,*****,9370,17,90.4,0.2,56,40,0.5,0.4,126,50,1.2,0.5,29,25,0.3,0.2,0,21,0.0,0.4,0,21,0.0,0.4
0500000US48079,48079,"Cochran County, Texas",2932,*****,2932,(X),1440,37,49.1,1.3,2091,23,2091,(X),97.8,4.0,(X),(X),438,14,438,(X),88.0,3.6,(X),(X),2804,53,95.6,1.8,2932,*****,2932,(X),1672,*****,57.0,*****,1594,40,54.4,1.4,1260,*****,43.0,*****,1104,13,37.7,1.4,77,30,2.6,1.0,6,8,0.2,0.3,0,13,0.0,1.4,0,13,0.0,1.4,0,13,0.0,1.4
0500000US48081,48081,"Coke County, Texas",3238,*****,3238,(X),1629,48,50.3,1.5,2575,*****,2575,(X),93.8,3.2,(X),(X),864,36,864,(X),82.7,6.2,(X),(X),3215,24,99.3,0.7,3238,*****,3238,(X),682,*****,21.1,*****,579,86,17.9,2.7,2556,*****,78.9,*****,2490,27,76.9,0.8,21,11,0.6,0.3,20,16,0.6,0.5,5,6,0.2,0.2,0,13,0.0,1.2,0,13,0.0,1.2
0500000US48083,48083,"Coleman County, Texas",8422,*****,8422,(X),4140,106,49.2,1.3,6589,28,6589,(X),102.9,2.4,(X),(X),1872,54,1872,(X),100.9,7.2,(X),(X),8282,116,98.3,1.4,8422,*****,8422,(X),1465,*****,17.4,*****,1408,57,16.7,0.7,6957,*****,82.6,*****,6512,19,77.3,0.5,231,71,2.7,0.8,64,32,0.8,0.4,70,18,0.8,0.2,0,19,0.0,0.5,0,19,0.0,0.5
0500000US48085,48085,"Collin County, Texas",914075,*****,914075,(X),465160,52,50.9,0.1,668271,*****,668271,(X),94.0,0.1,(X),(X),92047,25,92047,(X),78.4,0.1,(X),(X),885204,1809,96.8,0.2,914075,*****,914075,(X),137871,*****,15.1,*****,105654,2136,11.6,0.2,776204,*****,84.9,*****,540387,576,59.1,0.1,84259,787,9.2,0.1,2858,284,0.3,0.1,123495,1083,13.5,0.1,568,97,0.1,0.1,2377,691,0.3,0.1
0500000US48087,48087,"Collingsworth County, Texas",3026,*****,3026,(X),1518,69,50.2,2.3,2289,72,2289,(X),98.7,9.9,(X),(X),557,64,557,(X),67.8,12.7,(X),(X),2940,67,97.2,2.2,3026,*****,3026,(X),946,121,31.3,4.0,900,132,29.7,4.4,2080,121,68.7,4.0,1824,125,60.3,4.1,105,46,3.5,1.5,129,72,4.3,2.4,4,7,0.1,0.2,0,13,0.0,1.3,0,13,0.0,1.3
0500000US48089,48089,"Colorado County, Texas",20913,*****,20913,(X),10426,161,49.9,0.8,16020,28,16020,(X),98.0,0.3,(X),(X),4175,133,4175,(X),85.7,2.7,(X),(X),20658,109,98.8,0.5,20913,*****,20913,(X),6045,*****,28.9,*****,5765,201,27.6,1.0,14868,*****,71.1,*****,11918,66,57.0,0.3,2727,47,13.0,0.2,30,47,0.1,0.2,14,38,0.1,0.2,0,25,0.0,0.2,0,25,0.0,0.2
0500000US48091,48091,"Comal County, Texas",129100,*****,129100,(X),65368,131,50.6,0.1,99358,*****,99358,(X),95.2,0.2,(X),(X),22615,92,22615,(X),88.0,1.0,(X),(X),126362,443,97.9,0.3,129100,*****,129100,(X),34565,*****,26.8,*****,31150,810,24.1,0.6,94535,*****,73.2,*****,88661,182,68.7,0.1,2547,191,2.0,0.1,124,86,0.1,0.1,1344,147,1.0,0.1,44,36,0.0,0.1,132,181,0.1,0.1
0500000US48093,48093,"Comanche County, Texas",13492,*****,13492,(X),6782,65,50.3,0.5,10447,19,10447,(X),96.3,1.2,(X),(X),3213,78,3213,(X),86.8,3.9,(X),(X),13369,73,99.1,0.5,13492,*****,13492,(X),3677,*****,27.3,*****,3410,189,25.3,1.4,9815,*****,72.7,*****,9504,2,70.4,0.1,90,52,0.7,0.4,62,55,0.5,0.4,81,49,0.6,0.4,0,21,0.0,0.3,1,2,0.0,0.1
0500000US48095,48095,"Concho County, Texas",3858,*****,3858,(X),1236,126,32.0,3.3,3315,*****,3315,(X),221.8,32.0,(X),(X),667,43,667,(X),108.4,9.6,(X),(X),3841,19,99.6,0.5,3858,*****,3858,(X),2046,*****,53.0,*****,1946,49,50.4,1.3,1812,*****,47.0,*****,1731,41,44.9,1.1,26,25,0.7,0.6,4,8,0.1,0.2,38,22,1.0,0.6,0,13,0.0,1.0,0,13,0.0,1.0
0500000US48097,48097,"Cooke County, Texas",39064,*****,39064,(X),19706,103,50.4,0.3,29640,*****,29640,(X),95.8,0.9,(X),(X),6979,127,6979,(X),82.8,3.2,(X),(X),37959,268,97.2,0.7,39064,*****,39064,(X),6774,*****,17.3,*****,5746,351,14.7,0.9,32290,*****,82.7,*****,29844,28,76.4,0.1,976,179,2.5,0.5,259,93,0.7,0.2,337,34,0.9,0.1,60,76,0.2,0.2,25,45,0.1,0.1
0500000US48099,48099,"Coryell County, Texas",75818,*****,75818,(X),37897,72,50.0,0.1,57500,*****,57500,(X),98.8,0.3,(X),(X),6943,34,6943,(X),76.7,1.7,(X),(X),69754,646,92.0,0.9,75818,*****,75818,(X),13459,*****,17.8,*****,9450,476,12.5,0.6,62359,*****,82.2,*****,45085,48,59.5,0.1,10391,501,13.7,0.7,456,204,0.6,0.3,1338,213,1.8,0.3,560,51,0.7,0.1,25,33,0.0,0.1
0500000US48101,48101,"Cottle County, Texas",1498,121,1498,(X),740,93,49.4,5.2,1097,101,1097,(X),83.4,18.3,(X),(X),384,94,384,(X),86.4,27.9,(X),(X),1469,116,98.1,1.6,1498,121,1498,(X),490,161,32.7,10.0,475,162,31.7,10.1,1008,158,67.3,10.0,803,152,53.6,10.1,153,100,10.2,6.6,5,7,0.3,0.4,0,13,0.0,2.6,0,13,0.0,2.6,32,51,2.1,3.4
0500000US48103,48103,"Crane County, Texas",4836,*****,4836,(X),2321,74,48.0,1.5,3316,70,3316,(X),101.5,4.5,(X),(X),552,70,552,(X),74.7,13.2,(X),(X),4772,64,98.7,1.3,4836,*****,4836,(X),3036,*****,62.8,*****,2973,49,61.5,1.0,1800,*****,37.2,*****,1591,13,32.9,0.8,201,11,4.2,0.2,3,8,0.1,0.2,0,13,0.0,0.8,0,13,0.0,0.8,0,13,0.0,0.8
0500000US48105,48105,"Crockett County, Texas",3836,144,3836,(X),1933,161,50.4,3.9,2834,161,2834,(X),93.8,11.7,(X),(X),543,136,543,(X),63.1,23.5,(X),(X),3836,144,100.0,1.0,3836,144,3836,(X),2537,236,66.1,5.4,2476,249,64.5,5.8,1299,207,33.9,5.4,1264,203,33.0,5.3,35,36,0.9,0.9,0,13,0.0,1.0,0,13,0.0,1.0,0,13,0.0,1.0,0,13,0.0,1.0
0500000US48107,48107,"Crosby County, Texas",5895,*****,5895,(X),2977,42,50.5,0.7,4275,13,4275,(X),95.7,2.5,(X),(X),1015,22,1015,(X),77.8,1.6,(X),(X),5796,58,98.3,1.0,5895,*****,5895,(X),3266,*****,55.4,*****,3059,118,51.9,2.0,2629,*****,44.6,*****,2358,19,40.0,0.7,218,43,3.7,0.7,0,19,0.0,0.7,0,19,0.0,0.7,0,19,0.0,0.7,0,19,0.0,0.7
0500000US48109,48109,"Culberson County, Texas",2257,*****,2257,(X),1095,101,48.5,4.5,1728,111,1728,(X),109.2,21.5,(X),(X),444,121,444,(X),128.9,40.5,(X),(X),2227,41,98.7,1.8,2257,*****,2257,(X),1821,131,80.7,5.8,1812,130,80.3,5.8,436,131,19.3,5.8,392,124,17.4,5.5,8,9,0.4,0.4,0,13,0.0,1.8,6,11,0.3,0.5,0,13,0.0,1.8,0,13,0.0,1.8
0500000US48111,48111,"Dallam County, Texas",7207,*****,7207,(X),3327,159,46.2,2.2,4999,28,4999,(X),109.3,2.2,(X),(X),775,43,775,(X),97.2,11.1,(X),(X),6986,150,96.9,2.1,7207,*****,7207,(X),3157,*****,43.8,*****,2855,188,39.6,2.6,4050,*****,56.2,*****,3692,53,51.2,0.7,124,38,1.7,0.5,84,10,1.2,0.1,63,16,0.9,0.2,0,19,0.0,0.6,34,53,0.5,0.7
0500000US48113,48113,"Dallas County, Texas",2552213,*****,2552213,(X),1294462,73,50.7,0.1,1869331,*****,1869331,(X),94.8,0.1,(X),(X),255384,41,255384,(X),74.6,0.1,(X),(X),2483417,2888,97.3,0.1,2552213,*****,2552213,(X),1011374,*****,39.6,*****,852133,4533,33.4,0.2,1540839,*****,60.4,*****,771258,497,30.2,0.1,563220,1981,22.1,0.1,4450,528,0.2,0.1,152045,904,6.0,0.1,1098,134,0.0,0.1,4485,860,0.2,0.1
0500000US48115,48115,"Dawson County, Texas",13095,*****,13095,(X),5821,90,44.5,0.7,9840,21,9840,(X),135.6,3.4,(X),(X),1892,25,1892,(X),73.9,2.7,(X),(X),12779,203,97.6,1.6,13095,*****,13095,(X),7390,*****,56.4,*****,6508,263,49.7,2.0,5705,*****,43.6,*****,4752,17,36.3,0.1,740,41,5.7,0.3,52,29,0.4,0.2,112,21,0.9,0.3,3,6,0.0,0.1,0,21,0.0,0.3
0500000US48117,48117,"Deaf Smith County, Texas",18947,*****,18947,(X),9448,84,49.9,0.4,12934,65,12934,(X),98.0,1.3,(X),(X),2269,23,2269,(X),80.9,2.5,(X),(X),18138,336,95.7,1.8,18947,*****,18947,(X),13574,*****,71.6,*****,12714,308,67.1,1.6,5373,*****,28.4,*****,4914,28,25.9,0.1,148,77,0.8,0.4,51,60,0.3,0.3,94,16,0.5,0.1,22,36,0.1,0.2,22,28,0.1,0.1
0500000US48119,48119,"Delta County, Texas",5172,*****,5172,(X),2620,75,50.7,1.4,4001,44,4001,(X),97.2,5.2,(X),(X),1028,23,1028,(X),85.6,5.0,(X),(X),4965,66,96.0,1.3,5172,*****,5172,(X),357,*****,6.9,*****,290,71,5.6,1.4,4815,*****,93.1,*****,4214,4,81.5,0.1,411,43,7.9,0.8,9,21,0.2,0.4,38,35,0.7,0.7,0,19,0.0,0.8,2,4,0.0,0.1
0500000US48121,48121,"Denton County, Texas",781321,*****,781321,(X),396931,109,50.8,0.1,580112,*****,580112,(X),94.2,0.1,(X),(X),71591,48,71591,(X),80.3,0.1,(X),(X),754981,1744,96.6,0.2,781321,*****,781321,(X),149286,*****,19.1,*****,115093,1910,14.7,0.2,632035,*****,80.9,*****,475452,577,60.9,0.1,70796,1048,9.1,0.1,2289,362,0.3,0.1,60788,758,7.8,0.1,579,75,0.1,0.1,1602,578,0.2,0.1
0500000US48123,48123,"DeWitt County, Texas",20474,*****,20474,(X),9777,142,47.8,0.7,15840,*****,15840,(X),110.8,*****,(X),(X),3860,*****,3860,(X),76.1,*****,(X),(X),20006,229,97.7,1.1,20474,*****,20474,(X),7062,*****,34.5,*****,6686,142,32.7,0.7,13412,*****,65.5,*****,11383,15,55.6,0.1,1852,138,9.0,0.7,0,25,0.0,0.2,1,3,0.0,0.1,0,25,0.0,0.2,0,25,0.0,0.2
0500000US48125,48125,"Dickens County, Texas",2224,*****,2224,(X),1038,54,46.7,2.4,1736,57,1736,(X),113.5,12.1,(X),(X),502,63,502,(X),96.9,16.2,(X),(X),2174,41,97.8,1.8,2224,*****,2224,(X),614,87,27.6,3.9,491,82,22.1,3.7,1610,87,72.4,3.9,1528,92,68.7,4.1,69,33,3.1,1.5,7,9,0.3,0.4,2,3,0.1,0.1,0,13,0.0,1.8,0,13,0.0,1.8
0500000US48127,48127,"Dimmit County, Texas",10822,*****,10822,(X),5538,163,51.2,1.5,7563,*****,7563,(X),96.0,5.5,(X),(X),1593,133,1593,(X),81.2,12.0,(X),(X),10818,7,100.0,0.1,10822,*****,10822,(X),9362,*****,86.5,*****,9105,196,84.1,1.8,1460,*****,13.5,*****,1429,36,13.2,0.3,6,6,0.1,0.1,0,21,0.0,0.4,21,36,0.2,0.3,0,21,0.0,0.4,0,21,0.0,0.4
0500000US48129,48129,"Donley County, Texas",3433,*****,3433,(X),1719,61,50.1,1.8,2747,*****,2747,(X),98.6,4.8,(X),(X),803,26,803,(X),78.0,5.8,(X),(X),3335,31,97.1,0.9,3433,*****,3433,(X),365,*****,10.6,*****,338,25,9.8,0.7,3068,*****,89.4,*****,2809,13,81.8,1.2,126,36,3.7,1.0,23,22,0.7,0.6,16,17,0.5,0.5,0,13,0.0,1.2,0,13,0.0,1.2
0500000US48131,48131,"Duval County, Texas",11434,*****,11434,(X),5543,90,48.5,0.8,8556,105,8556,(X),107.8,3.1,(X),(X),2060,53,2060,(X),87.1,3.4,(X),(X),11405,23,99.7,0.2,11434,*****,11434,(X),10211,*****,89.3,*****,9711,197,84.9,1.7,1223,*****,10.7,*****,1025,100,9.0,0.9,165,87,1.4,0.8,0,21,0.0,0.3,32,44,0.3,0.4,0,21,0.0,0.3,1,2,0.0,0.1
0500000US48133,48133,"Eastland County, Texas",18278,*****,18278,(X),8941,193,48.9,1.1,14520,2,14520,(X),100.7,2.7,(X),(X),3994,122,3994,(X),86.5,8.1,(X),(X),18019,215,98.6,1.2,18278,*****,18278,(X),2923,*****,16.0,*****,2546,289,13.9,1.6,15355,*****,84.0,*****,14595,21,79.9,0.2,411,173,2.2,0.9,76,64,0.4,0.4,44,60,0.2,0.3,0,21,0.0,0.2,0,21,0.0,0.2
0500000US48135,48135,"Ector County, Texas",155744,*****,155744,(X),76946,153,49.4,0.1,109117,*****,109117,(X),101.0,0.2,(X),(X),14793,136,14793,(X),75.9,1.4,(X),(X),151005,772,97.0,0.5,155744,*****,155744,(X),91475,*****,58.7,*****,85080,1409,54.6,0.9,64269,*****,41.3,*****,53705,195,34.5,0.1,6451,361,4.1,0.2,283,105,0.2,0.1,1628,94,1.0,0.1,26,45,0.0,0.1,238,200,0.2,0.1
0500000US48137,48137,"Edwards County, Texas",2111,182,2111,(X),1146,162,54.3,6.6,1796,189,1796,(X),76.8,20.0,(X),(X),601,127,601,(X),102.4,44.9,(X),(X),2111,182,100.0,1.9,2111,182,2111,(X),1201,243,56.9,10.6,1201,243,56.9,10.6,910,235,43.1,10.6,909,234,43.1,10.5,0,13,0.0,1.9,1,3,0.0,0.1,0,13,0.0,1.9,0,13,0.0,1.9,0,13,0.0,1.9
0500000US48139,48139,"Ellis County, Texas",164092,*****,164092,(X),83255,79,50.7,0.1,119675,*****,119675,(X),94.3,0.2,(X),(X),19756,67,19756,(X),80.7,0.5,(X),(X),158293,963,96.5,0.6,164092,*****,164092,(X),41791,*****,25.5,*****,38496,734,23.5,0.4,122301,*****,74.5,*****,102697,74,62.6,0.1,14640,571,8.9,0.3,419,138,0.3,0.1,1104,165,0.7,0.1,68,74,0.0,0.1,156,108,0.1,0.1
0500000US48141,48141,"El Paso County, Texas",834825,*****,834825,(X),425626,286,51.0,0.1,600384,368,600384,(X),93.6,0.1,(X),(X),95067,66,95067,(X),73.6,0.1,(X),(X),815723,1550,97.7,0.2,834825,*****,834825,(X),686173,*****,82.2,*****,651245,2306,78.0,0.3,148652,*****,17.8,*****,103880,185,12.4,0.1,25333,561,3.0,0.1,2344,200,0.3,0.1,8801,476,1.1,0.1,690,431,0.1,0.1,419,191,0.1,0.1
0500000US48143,48143,"Erath County, Texas",41016,*****,41016,(X),20898,185,51.0,0.5,32381,155,32381,(X),92.5,1.5,(X),(X),5666,152,5666,(X),79.4,3.0,(X),(X),39980,346,97.5,0.8,41016,*****,41016,(X),8439,*****,20.6,*****,7361,532,17.9,1.3,32577,*****,79.4,*****,30923,80,75.4,0.2,673,114,1.6,0.3,200,115,0.5,0.3,314,36,0.8,0.1,15,26,0.0,0.1,12,18,0.0,0.1
0500000US48145,48145,"Falls County, Texas",17289,*****,17289,(X),9154,96,52.9,0.6,13575,21,13575,(X),86.4,0.5,(X),(X),2935,8,2935,(X),87.2,0.5,(X),(X),17066,64,98.7,0.4,17289,*****,17289,(X),3939,*****,22.8,*****,3576,118,20.7,0.7,13350,*****,77.2,*****,8909,21,51.5,0.2,4196,53,24.3,0.3,39,31,0.2,0.2,32,37,0.2,0.2,16,26,0.1,0.2,0,21,0.0,0.2
0500000US48147,48147,"Fannin County, Texas",33787,*****,33787,(X),15941,54,47.2,0.2,26650,*****,26650,(X),114.8,0.1,(X),(X),6359,92,6359,(X),92.0,1.9,(X),(X),32835,131,97.2,0.4,33787,*****,33787,(X),3580,*****,10.6,*****,3099,215,9.2,0.6,30207,*****,89.4,*****,26834,31,79.4,0.1,2189,102,6.5,0.3,150,48,0.4,0.1,224,29,0.7,0.1,18,20,0.1,0.1,21,31,0.1,0.1
0500000US48149,48149,"Fayette County, Texas",24963,*****,24963,(X),12775,120,51.2,0.5,19761,26,19761,(X),94.7,0.7,(X),(X),5923,55,5923,(X),85.6,1.9,(X),(X),24699,80,98.9,0.3,24963,*****,24963,(X),5098,*****,20.4,*****,4854,209,19.4,0.8,19865,*****,79.6,*****,17951,13,71.9,0.1,1489,193,6.0,0.8,13,19,0.1,0.1,182,190,0.7,0.8,0,25,0.0,0.2,0,25,0.0,0.2
0500000US48151,48151,"Fisher County, Texas",3875,*****,3875,(X),2008,81,51.8,2.1,3070,93,3070,(X),96.9,8.5,(X),(X),910,83,910,(X),83.8,12.0,(X),(X),3803,33,98.1,0.8,3875,*****,3875,(X),1156,142,29.8,3.7,1004,144,25.9,3.7,2719,142,70.2,3.7,2575,151,66.5,3.9,111,60,2.9,1.5,0,13,0.0,1.0,19,28,0.5,0.7,4,6,0.1,0.2,0,13,0.0,1.0
0500000US48153,48153,"Floyd County, Texas",5953,*****,5953,(X),3042,79,51.1,1.3,4337,*****,4337,(X),95.4,1.8,(X),(X),1101,10,1101,(X),78.7,3.4,(X),(X),5865,47,98.5,0.8,5953,*****,5953,(X),3440,*****,57.8,*****,3291,87,55.3,1.5,2513,*****,42.2,*****,2258,19,37.9,0.7,149,43,2.5,0.7,12,21,0.2,0.3,15,15,0.3,0.3,0,19,0.0,0.7,0,19,0.0,0.7
0500000US48155,48155,"Foard County, Texas",1414,158,1414,(X),665,93,47.0,4.0,1133,129,1133,(X),118.3,21.1,(X),(X),376,75,376,(X),101.1,28.7,(X),(X),1329,147,94.0,4.9,1414,158,1414,(X),306,115,21.6,6.9,195,75,13.8,4.6,1108,125,78.4,6.9,1077,126,76.2,7.1,31,38,2.2,2.7,0,13,0.0,2.8,0,13,0.0,2.8,0,13,0.0,2.8,0,13,0.0,2.8
0500000US48157,48157,"Fort Bend County, Texas",711421,*****,711421,(X),361724,150,50.8,0.1,512565,*****,512565,(X),93.7,*****,(X),(X),69049,121,69049,(X),84.8,0.3,(X),(X),693735,1910,97.5,0.3,711421,*****,711421,(X),171949,*****,24.2,*****,122719,4213,17.2,0.6,539472,*****,75.8,*****,244432,320,34.4,0.1,143866,1045,20.2,0.1,1351,538,0.2,0.1,136748,979,19.2,0.1,117,99,0.0,0.1,1091,337,0.2,0.1
0500000US48159,48159,"Franklin County, Texas",10639,*****,10639,(X),5230,147,49.2,1.4,8057,*****,8057,(X),96.7,2.9,(X),(X),2127,41,2127,(X),87.2,2.9,(X),(X),10388,122,97.6,1.1,10639,*****,10639,(X),1479,*****,13.9,*****,1382,80,13.0,0.7,9160,*****,86.1,*****,8468,21,79.6,0.4,481,127,4.5,1.2,57,92,0.5,0.9,5,11,0.0,0.1,12,17,0.1,0.2,0,21,0.0,0.4
0500000US48161,48161,"Freestone County, Texas",19646,*****,19646,(X),9422,124,48.0,0.6,15126,18,15126,(X),108.8,1.5,(X),(X),3724,53,3724,(X),81.7,2.7,(X),(X),19416,117,98.8,0.6,19646,*****,19646,(X),2891,*****,14.7,*****,2621,118,13.3,0.6,16755,*****,85.3,*****,13269,33,67.5,0.2,3164,101,16.1,0.5,30,24,0.2,0.1,72,37,0.4,0.2,0,21,0.0,0.2,0,21,0.0,0.2
0500000US48163,48163,"Frio County, Texas",19110,*****,19110,(X),7747,62,40.5,0.3,14520,*****,14520,(X),160.9,*****,(X),(X),2355,89,2355,(X),93.5,7.3,(X),(X),18868,135,98.7,0.7,19110,*****,19110,(X),15006,*****,78.5,*****,13003,677,68.0,3.5,4104,*****,21.5,*****,3140,192,16.4,1.0,679,153,3.6,0.8,0,21,0.0,0.2,120,67,0.6,0.4,0,21,0.0,0.2,81,79,0.4,0.4
0500000US48165,48165,"Gaines County, Texas",19889,*****,19889,(X),9807,87,49.3,0.4,12796,85,12796,(X),102.0,1.3,(X),(X),1713,22,1713,(X),89.7,3.1,(X),(X),19766,108,99.4,0.5,19889,*****,19889,(X),8066,*****,40.6,*****,7904,118,39.7,0.6,11823,*****,59.4,*****,11198,50,56.3,0.3,452,42,2.3,0.2,28,33,0.1,0.2,91,9,0.5,0.1,8,13,0.0,0.1,31,50,0.2,0.3
0500000US48167,48167,"Galveston County, Texas",321184,*****,321184,(X),162620,109,50.6,0.1,242101,4,242101,(X),95.1,0.1,(X),(X),42256,80,42256,(X),82.4,0.3,(X),(X),312131,1305,97.2,0.4,321184,*****,321184,(X),76806,*****,23.9,*****,60785,2234,18.9,0.7,244378,*****,76.1,*****,186380,97,58.0,0.1,40304,651,12.5,0.2,832,198,0.3,0.1,10650,398,3.3,0.1,114,91,0.0,0.1,153,102,0.0,0.1
0500000US48169,48169,"Garza County, Texas",6739,190,6739,(X),2370,168,35.2,2.2,5545,190,5545,(X),204.8,17.8,(X),(X),761,130,761,(X),86.1,20.2,(X),(X),6609,203,98.1,1.3,6739,190,6739,(X),3639,283,54.0,3.9,3239,361,48.1,4.9,3100,279,46.0,3.9,2726,284,40.5,4.2,300,209,4.5,3.1,6,17,0.1,0.3,38,34,0.6,0.5,0,19,0.0,0.6,7,12,0.1,0.2
0500000US48171,48171,"Gillespie County, Texas",25939,*****,25939,(X),13284,134,51.2,0.5,20767,72,20767,(X),90.7,0.9,(X),(X),7434,71,7434,(X),86.1,1.4,(X),(X),25020,357,96.5,1.4,25939,*****,25939,(X),5849,*****,22.5,*****,5452,181,21.0,0.7,20090,*****,77.5,*****,19614,11,75.6,0.1,20,29,0.1,0.1,3,6,0.0,0.1,31,43,0.1,0.2,0,25,0.0,0.2,0,25,0.0,0.2
0500000US48173,48173,"Glasscock County, Texas",1420,123,1420,(X),628,68,44.2,4.7,1074,97,1074,(X),108.9,20.9,(X),(X),198,56,198,(X),78.4,23.3,(X),(X),1420,123,100.0,2.8,1420,123,1420,(X),576,173,40.6,11.2,548,176,38.6,11.6,844,164,59.4,11.2,844,164,59.4,11.2,0,13,0.0,2.8,0,13,0.0,2.8,0,13,0.0,2.8,0,13,0.0,2.8,0,13,0.0,2.8
0500000US48175,48175,"Goliad County, Texas",7510,*****,7510,(X),3732,119,49.7,1.6,5884,*****,5884,(X),97.1,2.7,(X),(X),1577,29,1577,(X),94.5,7.1,(X),(X),7488,34,99.7,0.4,7510,*****,7510,(X),2675,*****,35.6,*****,2572,57,34.2,0.8,4835,*****,64.4,*****,4401,19,58.6,0.5,400,41,5.3,0.5,0,19,0.0,0.5,12,19,0.2,0.3,0,19,0.0,0.5,0,19,0.0,0.5
0500000US48177,48177,"Gonzales County, Texas",20558,*****,20558,(X),10158,54,49.4,0.3,15008,*****,15008,(X),100.3,*****,(X),(X),3279,67,3279,(X),86.8,3.7,(X),(X),20120,162,97.9,0.8,20558,*****,20558,(X),10293,*****,50.1,*****,9976,124,48.5,0.6,10265,*****,49.9,*****,8703,25,42.3,0.2,1369,94,6.7,0.5,14,22,0.1,0.1,36,36,0.2,0.2,5,9,0.0,0.1,0,25,0.0,0.2
0500000US48179,48179,"Gray County, Texas",22962,*****,22962,(X),10819,62,47.1,0.3,17111,36,17111,(X),115.5,0.9,(X),(X),3617,35,3617,(X),79.9,2.4,(X),(X),22384,152,97.5,0.7,22962,*****,22962,(X),6412,*****,27.9,*****,5961,183,26.0,0.8,16550,*****,72.1,*****,14807,25,64.5,0.2,981,85,4.3,0.4,203,50,0.9,0.2,162,7,0.7,0.1,21,28,0.1,0.1,0,25,0.0,0.2
0500000US48181,48181,"Grayson County, Texas",126146,*****,126146,(X),64590,71,51.2,0.1,96133,20,96133,(X),92.5,0.1,(X),(X),21713,46,21713,(X),80.7,0.3,(X),(X),122409,460,97.0,0.4,126146,*****,126146,(X),15999,*****,12.7,*****,13054,590,10.3,0.5,110147,*****,87.3,*****,96360,263,76.4,0.2,6995,330,5.5,0.3,1614,198,1.3,0.2,1665,153,1.3,0.1,62,24,0.0,0.1,217,261,0.2,0.2
0500000US48183,48183,"Gregg County, Texas",123402,*****,123402,(X),63036,115,51.1,0.1,91476,*****,91476,(X),92.1,0.3,(X),(X),17844,92,17844,(X),73.1,0.9,(X),(X),120649,533,97.8,0.4,123402,*****,123402,(X),22449,*****,18.2,*****,20508,588,16.6,0.5,100953,*****,81.8,*****,71967,57,58.3,0.1,24790,347,20.1,0.3,385,127,0.3,0.1,1679,172,1.4,0.1,64,99,0.1,0.1,138,100,0.1,0.1
0500000US48185,48185,"Grimes County, Texas",27358,*****,27358,(X),12288,138,44.9,0.5,21223,28,21223,(X),127.0,0.8,(X),(X),4376,21,4376,(X),98.8,0.9,(X),(X),26704,186,97.6,0.7,27358,*****,27358,(X),6468,*****,23.6,*****,5837,216,21.3,0.8,20890,*****,76.4,*****,16051,20,58.7,0.1,4259,162,15.6,0.6,71,31,0.3,0.1,28,25,0.1,0.1,0,25,0.0,0.1,13,18,0.0,0.1
0500000US48187,48187,"Guadalupe County, Texas",150889,*****,150889,(X),76278,62,50.6,0.1,111619,60,111619,(X),95.1,0.2,(X),(X),19710,51,19710,(X),83.1,0.6,(X),(X),146253,610,96.9,0.4,150889,*****,150889,(X),56319,*****,37.3,*****,49944,974,33.1,0.6,94570,*****,62.7,*****,77499,349,51.4,0.2,10668,399,7.1,0.3,304,113,0.2,0.1,2497,182,1.7,0.1,36,103,0.0,0.1,433,292,0.3,0.2
0500000US48189,48189,"Hale County, Texas",34527,*****,34527,(X),16621,105,48.1,0.3,24945,33,24945,(X),110.7,0.8,(X),(X),4468,79,4468,(X),84.7,1.9,(X),(X),32912,435,95.3,1.3,34527,*****,34527,(X),20291,*****,58.8,*****,19328,312,56.0,0.9,14236,*****,41.2,*****,11938,38,34.6,0.1,1522,163,4.4,0.5,23,19,0.1,0.1,83,47,0.2,0.1,9,11,0.0,0.1,26,29,0.1,0.1
0500000US48191,48191,"Hall County, Texas",3102,*****,3102,(X),1550,48,50.0,1.6,2372,*****,2372,(X),93.8,1.9,(X),(X),703,44,703,(X),89.0,7.4,(X),(X),2986,66,96.3,2.1,3102,*****,3102,(X),1060,*****,34.2,*****,911,104,29.4,3.4,2042,*****,65.8,*****,1760,13,56.7,1.3,231,47,7.4,1.5,3,5,0.1,0.2,15,24,0.5,0.8,0,13,0.0,1.3,0,13,0.0,1.3
0500000US48193,48193,"Hamilton County, Texas",8220,*****,8220,(X),4158,81,50.6,1.0,6541,2,6541,(X),95.3,4.4,(X),(X),2084,61,2084,(X),83.8,3.8,(X),(X),8076,75,98.2,0.9,8220,*****,8220,(X),987,*****,12.0,*****,982,15,11.9,0.2,7233,*****,88.0,*****,6994,37,85.1,0.4,55,39,0.7,0.5,58,35,0.7,0.4,16,23,0.2,0.3,0,19,0.0,0.5,0,19,0.0,0.5
0500000US48195,48195,"Hansford County, Texas",5532,*****,5532,(X),2772,35,50.1,0.6,3911,*****,3911,(X),100.9,*****,(X),(X),858,57,858,(X),84.1,12.0,(X),(X),5476,46,99.0,0.8,5532,*****,5532,(X),2569,*****,46.4,*****,2426,93,43.9,1.7,2963,*****,53.6,*****,2950,16,53.3,0.3,4,7,0.1,0.1,6,15,0.1,0.3,0,19,0.0,0.7,0,19,0.0,0.7,0,19,0.0,0.7
0500000US48197,48197,"Hardeman County, Texas",3990,*****,3990,(X),2040,82,51.1,2.0,3089,101,3089,(X),94.4,7.3,(X),(X),799,85,799,(X),82.8,17.7,(X),(X),3900,60,97.7,1.5,3990,*****,3990,(X),850,113,21.3,2.8,707,129,17.7,3.2,3140,113,78.7,2.8,2738,116,68.6,2.9,277,73,6.9,1.8,16,22,0.4,0.5,19,24,0.5,0.6,0,13,0.0,1.0,0,13,0.0,1.0
0500000US48199,48199,"Hardin County, Texas",55993,*****,55993,(X),28628,186,51.1,0.3,42127,72,42127,(X),94.1,0.6,(X),(X),8825,112,8825,(X),81.5,2.1,(X),(X),55202,195,98.6,0.3,55993,*****,55993,(X),3003,*****,5.4,*****,2701,175,4.8,0.3,52990,*****,94.6,*****,48723,80,87.0,0.1,3151,83,5.6,0.1,139,68,0.2,0.1,264,104,0.5,0.2,25,47,0.0,0.1,50,80,0.1,0.1
0500000US48201,48201,"Harris County, Texas",4525519,*****,4525519,(X),2274459,50,50.3,0.1,3300460,*****,3300460,(X),97.2,*****,(X),(X),432729,77,432729,(X),78.8,0.1,(X),(X),4422215,3835,97.7,0.1,4525519,*****,4525519,(X),1910535,*****,42.2,*****,1433724,9052,31.7,0.2,2614984,*****,57.8,*****,1386576,1079,30.6,0.1,838285,1998,18.5,0.1,8078,924,0.2,0.1,307109,1795,6.8,0.1,2543,244,0.1,0.1,9681,1350,0.2,0.1
0500000US48203,48203,"Harrison County, Texas",66606,*****,66606,(X),34089,134,51.2,0.2,49558,94,49558,(X),92.3,0.7,(X),(X),10396,105,10396,(X),79.4,1.5,(X),(X),65460,379,98.3,0.6,66606,*****,66606,(X),8467,*****,12.7,*****,7680,340,11.5,0.5,58139,*****,87.3,*****,42506,39,63.8,0.1,14192,179,21.3,0.3,209,136,0.3,0.2,468,90,0.7,0.1,27,43,0.0,0.1,33,39,0.0,0.1
0500000US48205,48205,"Hartley County, Texas",5821,*****,5821,(X),2297,50,39.5,0.9,4566,*****,4566,(X),169.4,*****,(X),(X),810,29,810,(X),86.2,6.2,(X),(X),5552,136,95.4,2.3,5821,*****,5821,(X),1527,*****,26.2,*****,1344,120,23.1,2.1,4294,*****,73.8,*****,3467,168,59.6,2.9,490,86,8.4,1.5,1,3,0.0,0.1,81,71,1.4,1.2,0,19,0.0,0.7,48,64,0.8,1.1
0500000US48207,48207,"Haskell County, Texas",5806,*****,5806,(X),2559,163,44.1,2.8,4828,142,4828,(X),130.3,12.1,(X),(X),1229,29,1229,(X),81.8,3.4,(X),(X),5687,51,98.0,0.9,5806,*****,5806,(X),1605,*****,27.6,*****,1091,289,18.8,5.0,4201,*****,72.4,*****,3822,8,65.8,0.1,182,40,3.1,0.7,32,25,0.6,0.4,43,24,0.7,0.4,0,19,0.0,0.7,11,8,0.2,0.1
0500000US48209,48209,"Hays County, Texas",194843,*****,194843,(X),97870,225,50.2,0.1,149148,*****,149148,(X),97.2,0.2,(X),(X),19839,112,19839,(X),84.1,1.2,(X),(X),189186,923,97.1,0.5,194843,*****,194843,(X),73608,*****,37.8,*****,63881,1439,32.8,0.7,121235,*****,62.2,*****,107718,286,55.3,0.1,6784,432,3.5,0.2,428,238,0.2,0.1,2503,264,1.3,0.1,85,144,0.0,0.1,410,255,0.2,0.1
0500000US48211,48211,"Hemphill County, Texas",4152,*****,4152,(X),2176,73,52.4,1.8,2827,99,2827,(X),101.8,6.5,(X),(X),515,79,515,(X),86.6,12.9,(X),(X),4027,61,97.0,1.5,4152,*****,4152,(X),1461,137,35.2,3.3,1431,136,34.5,3.3,2691,137,64.8,3.3,2568,136,61.8,3.3,31,26,0.7,0.6,16,15,0.4,0.4,13,14,0.3,0.3,0,13,0.0,1.0,0,13,0.0,1.0
0500000US48213,48213,"Henderson County, Texas",79687,*****,79687,(X),40847,136,51.3,0.2,62252,*****,62252,(X),92.4,0.6,(X),(X),16948,89,16948,(X),83.9,1.4,(X),(X),78895,243,99.0,0.3,79687,*****,79687,(X),9668,*****,12.1,*****,8698,419,10.9,0.5,70019,*****,87.9,*****,62894,31,78.9,0.1,5224,141,6.6,0.2,684,131,0.9,0.2,528,38,0.7,0.1,53,51,0.1,0.1,33,31,0.0,0.1
0500000US48215,48215,"Hidalgo County, Texas",839539,*****,839539,(X),429156,245,51.1,0.1,558010,80,558010,(X),91.9,0.1,(X),(X),87567,96,87567,(X),80.5,0.3,(X),(X),829587,1408,98.8,0.2,839539,*****,839539,(X),770794,*****,91.8,*****,744991,2148,88.7,0.3,68745,*****,8.2,*****,55339,88,6.6,0.1,3522,167,0.4,0.1,593,129,0.1,0.1,7953,307,0.9,0.1,115,88,0.0,0.1,202,120,0.0,0.1
0500000US48217,48217,"Hill County, Texas",35098,*****,35098,(X),17724,68,50.5,0.2,26840,17,26840,(X),95.7,0.5,(X),(X),7097,33,7097,(X),89.3,0.8,(X),(X),34466,167,98.2,0.5,35098,*****,35098,(X),7017,*****,20.0,*****,6711,104,19.1,0.3,28081,*****,80.0,*****,25038,20,71.3,0.1,2210,163,6.3,0.5,85,47,0.2,0.1,102,38,0.3,0.1,70,92,0.2,0.3,5,7,0.0,0.1
0500000US48219,48219,"Hockley County, Texas",23273,*****,23273,(X),11768,52,50.6,0.2,17114,*****,17114,(X),94.5,0.9,(X),(X),3143,59,3143,(X),81.3,1.9,(X),(X),22777,144,97.9,0.6,23273,*****,23273,(X),10921,*****,46.9,*****,10281,222,44.2,1.0,12352,*****,53.1,*****,11112,11,47.7,0.1,849,61,3.6,0.3,131,24,0.6,0.1,45,35,0.2,0.2,12,19,0.1,0.1,8,11,0.0,0.1
0500000US48221,48221,"Hood County, Texas",55418,*****,55418,(X),28219,212,50.9,0.4,43583,117,43583,(X),94.0,1.0,(X),(X),13310,97,13310,(X),87.7,1.3,(X),(X),54735,233,98.8,0.4,55418,*****,55418,(X),6641,*****,12.0,*****,6087,246,11.0,0.4,48777,*****,88.0,*****,46999,79,84.8,0.1,384,85,0.7,0.2,482,95,0.9,0.2,446,75,0.8,0.1,0,31,0.0,0.1,0,31,0.0,0.1
0500000US48223,48223,"Hopkins County, Texas",35929,*****,35929,(X),18286,82,50.9,0.2,26863,12,26863,(X),94.3,0.6,(X),(X),6321,97,6321,(X),79.1,2.3,(X),(X),35148,182,97.8,0.5,35929,*****,35929,(X),5859,*****,16.3,*****,5447,136,15.2,0.4,30070,*****,83.7,*****,26577,53,74.0,0.1,2390,142,6.7,0.4,74,71,0.2,0.2,254,37,0.7,0.1,27,27,0.1,0.1,35,53,0.1,0.1
0500000US48225,48225,"Houston County, Texas",22849,*****,22849,(X),10575,98,46.3,0.4,18443,28,18443,(X),119.1,1.4,(X),(X),4772,52,4772,(X),88.8,1.9,(X),(X),22304,140,97.6,0.6,22849,*****,22849,(X),2439,*****,10.7,*****,2227,125,9.7,0.5,20410,*****,89.3,*****,14155,53,62.0,0.2,5694,104,24.9,0.5,36,27,0.2,0.1,87,48,0.4,0.2,0,25,0.0,0.2,35,53,0.2,0.2
0500000US48227,48227,"Howard County, Texas",36491,*****,36491,(X),15903,286,43.6,0.8,28493,32,28493,(X),136.2,4.6,(X),(X),4572,59,4572,(X),88.7,3.7,(X),(X),35281,357,96.7,1.0,36491,*****,36491,(X),15030,*****,41.2,*****,13442,413,36.8,1.1,21461,*****,58.8,*****,18262,33,50.0,0.1,1891,265,5.2,0.7,247,79,0.7,0.2,288,71,0.8,0.2,21,28,0.1,0.1,4,7,0.0,0.1
0500000US48229,48229,"Hudspeth County, Texas",3702,*****,3702,(X),1861,71,50.3,1.9,2798,22,2798,(X),102.9,7.4,(X),(X),603,4,603,(X),107.9,1.4,(X),(X),3603,71,97.3,1.9,3702,*****,3702,(X),2901,*****,78.4,*****,2650,173,71.6,4.7,801,*****,21.6,*****,684,13,18.5,1.1,55,32,1.5,0.9,0,13,0.0,1.1,44,31,1.2,0.8,0,13,0.0,1.1,0,13,0.0,1.1
0500000US48231,48231,"Hunt County, Texas",90322,*****,90322,(X),45890,118,50.8,0.1,68664,*****,68664,(X),94.9,0.2,(X),(X),14099,72,14099,(X),82.8,0.8,(X),(X),88429,460,97.9,0.5,90322,*****,90322,(X),13837,*****,15.3,*****,12672,290,14.0,0.3,76485,*****,84.7,*****,65807,76,72.9,0.1,7044,351,7.8,0.4,716,182,0.8,0.2,1076,144,1.2,0.2,44,53,0.0,0.1,51,70,0.1,0.1
0500000US48233,48233,"Hutchinson County, Texas",21704,*****,21704,(X),10866,125,50.1,0.6,16064,*****,16064,(X),100.5,2.6,(X),(X),3326,60,3326,(X),91.7,4.2,(X),(X),20896,232,96.3,1.1,21704,*****,21704,(X),4887,*****,22.5,*****,3958,324,18.2,1.5,16817,*****,77.5,*****,15474,15,71.3,0.1,431,133,2.0,0.6,286,84,1.3,0.4,120,29,0.6,0.1,69,81,0.3,0.4,6,10,0.0,0.1
0500000US48235,48235,"Irion County, Texas",1592,142,1592,(X),739,87,46.4,2.6,1223,93,1223,(X),112.0,10.6,(X),(X),281,52,281,(X),95.1,21.8,(X),(X),1563,146,98.2,1.9,1592,142,1592,(X),364,101,22.9,5.9,350,102,22.0,6.0,1228,139,77.1,5.9,1153,139,72.4,6.1,51,46,3.2,2.9,0,13,0.0,2.5,0,13,0.0,2.5,0,13,0.0,2.5,0,13,0.0,2.5
0500000US48237,48237,"Jack County, Texas",8839,*****,8839,(X),3866,101,43.7,1.1,6952,42,6952,(X),135.8,4.6,(X),(X),1417,31,1417,(X),84.0,4.2,(X),(X),8754,47,99.0,0.5,8839,*****,8839,(X),1439,*****,16.3,*****,1376,38,15.6,0.4,7400,*****,83.7,*****,6889,19,77.9,0.5,395,44,4.5,0.5,33,22,0.4,0.3,11,16,0.1,0.2,0,19,0.0,0.5,12,27,0.1,0.3
0500000US48239,48239,"Jackson County, Texas",14756,*****,14756,(X),7542,99,51.1,0.7,10946,*****,10946,(X),97.3,1.8,(X),(X),2448,55,2448,(X),78.8,3.8,(X),(X),14465,167,98.0,1.1,14756,*****,14756,(X),4760,*****,32.3,*****,4467,174,30.3,1.2,9996,*****,67.7,*****,8765,21,59.4,0.3,1049,108,7.1,0.7,0,21,0.0,0.3,44,42,0.3,0.3,14,21,0.1,0.1,0,21,0.0,0.3
0500000US48241,48241,"Jasper County, Texas",35444,*****,35444,(X),18024,127,50.9,0.4,26843,61,26843,(X),95.1,1.4,(X),(X),6538,86,6538,(X),84.6,2.1,(X),(X),34959,161,98.6,0.5,35444,*****,35444,(X),2294,*****,6.5,*****,2005,271,5.7,0.8,33150,*****,93.5,*****,26482,108,74.7,0.3,5929,109,16.7,0.3,53,49,0.1,0.1,180,88,0.5,0.2,0,28,0.0,0.1,74,108,0.2,0.3
0500000US48243,48243,"Jeff Davis County, Texas",2236,*****,2236,(X),1166,101,52.1,4.5,1828,116,1828,(X),81.9,13.2,(X),(X),698,137,698,(X),112.8,24.9,(X),(X),2222,18,99.4,0.8,2236,*****,2236,(X),810,215,36.2,9.6,742,228,33.2,10.2,1426,215,63.8,9.6,1361,196,60.9,8.8,15,12,0.7,0.5,3,8,0.1,0.4,33,58,1.5,2.6,0,13,0.0,1.8,0,13,0.0,1.8
0500000US48245,48245,"Jefferson County, Texas",254574,*****,254574,(X),124170,164,48.8,0.1,194055,120,194055,(X),105.6,0.3,(X),(X),34839,58,34839,(X),76.8,0.3,(X),(X),250653,706,98.5,0.3,254574,*****,254574,(X),49725,*****,19.5,*****,43797,898,17.2,0.4,204849,*****,80.5,*****,106135,56,41.7,0.1,85901,328,33.7,0.1,588,196,0.2,0.1,9264,353,3.6,0.1,105,26,0.0,0.1,159,110,0.1,0.1
0500000US48247,48247,"Jim Hogg County, Texas",5262,*****,5262,(X),2639,177,50.2,3.4,3695,251,3695,(X),87.8,16.2,(X),(X),979,179,979,(X),64.5,19.1,(X),(X),5225,40,99.3,0.8,5262,*****,5262,(X),4938,181,93.8,3.4,4447,353,84.5,6.7,324,181,6.2,3.4,309,173,5.9,3.3,0,19,0.0,0.8,0,19,0.0,0.8,0,19,0.0,0.8,0,19,0.0,0.8,0,19,0.0,0.8
0500000US48249,48249,"Jim Wells County, Texas",41318,*****,41318,(X),21184,162,51.3,0.4,29618,73,29618,(X),93.2,0.8,(X),(X),5908,48,5908,(X),81.0,1.3,(X),(X),41158,110,99.6,0.3,41318,*****,41318,(X),33151,*****,80.2,*****,31592,433,76.5,1.0,8167,*****,19.8,*****,7556,23,18.3,0.1,214,106,0.5,0.3,36,45,0.1,0.1,231,148,0.6,0.4,48,63,0.1,0.2,15,23,0.0,0.1
0500000US48251,48251,"Johnson County, Texas",160173,*****,160173,(X),80286,149,50.1,0.1,118171,*****,118171,(X),97.5,0.2,(X),(X),21591,136,21591,(X),82.4,1.0,(X),(X),156548,913,97.7,0.6,160173,*****,160173,(X),32475,*****,20.3,*****,29435,682,18.4,0.4,127698,*****,79.7,*****,117957,122,73.6,0.1,4506,346,2.8,0.2,664,172,0.4,0.1,1219,193,0.8,0.1,588,67,0.4,0.1,91,84,0.1,0.1
0500000US48253,48253,"Jones County, Texas",19969,*****,19969,(X),7311,119,36.6,0.6,16439,*****,16439,(X),197.1,3.8,(X),(X),2927,*****,2927,(X),90.3,*****,(X),(X),19042,198,95.4,1.0,19969,*****,19969,(X),5424,*****,27.2,*****,4645,256,23.3,1.3,14545,*****,72.8,*****,10940,341,54.8,1.7,2892,305,14.5,1.5,28,25,0.1,0.1,59,41,0.3,0.2,0,21,0.0,0.2,43,45,0.2,0.2
0500000US48255,48255,"Karnes County, Texas",15051,*****,15051,(X),6091,64,40.5,0.4,11884,17,11884,(X),160.7,2.9,(X),(X),2150,34,2150,(X),81.6,2.6,(X),(X),14844,119,98.6,0.8,15051,*****,15051,(X),7965,*****,52.9,*****,7259,251,48.2,1.7,7086,*****,47.1,*****,5684,21,37.8,0.3,1316,64,8.7,0.4,15,19,0.1,0.1,16,17,0.1,0.1,0,21,0.0,0.3,0,21,0.0,0.3
0500000US48257,48257,"Kaufman County, Texas",114852,*****,114852,(X),58505,106,50.9,0.1,82970,*****,82970,(X),94.2,0.3,(X),(X),13514,103,13514,(X),80.0,1.5,(X),(X),112058,517,97.6,0.4,114852,*****,114852,(X),22817,*****,19.9,*****,20881,508,18.2,0.4,92035,*****,80.1,*****,76486,23,66.6,0.1,11926,301,10.4,0.3,491,198,0.4,0.2,1239,117,1.1,0.1,67,53,0.1,0.1,166,176,0.1,0.2
0500000US48259,48259,"Kendall County, Texas",40306,*****,40306,(X),20738,209,51.5,0.5,30752,90,30752,(X),92.6,1.3,(X),(X),7479,85,7479,(X),82.1,1.9,(X),(X),38759,360,96.2,0.9,40306,*****,40306,(X),9285,*****,23.0,*****,7814,462,19.4,1.1,31021,*****,77.0,*****,29661,28,73.6,0.1,278,106,0.7,0.3,12,21,0.0,0.1,289,139,0.7,0.3,33,41,0.1,0.1,0,28,0.0,0.1
0500000US48261,48261,"Kenedy County, Texas",564,214,564,(X),284,112,50.4,7.2,400,163,400,(X),106.2,39.8,(X),(X),83,46,83,(X),18.6,23.6,(X),(X),564,214,100.0,6.8,564,214,564,(X),499,216,88.5,11.3,499,216,88.5,11.3,65,62,11.5,11.3,64,62,11.3,11.3,0,13,0.0,6.8,0,13,0.0,6.8,1,3,0.2,0.5,0,13,0.0,6.8,0,13,0.0,6.8
0500000US48263,48263,"Kent County, Texas",680,122,680,(X),369,68,54.3,5.8,527,90,527,(X),87.5,19.8,(X),(X),190,62,190,(X),62.4,23.5,(X),(X),678,121,99.7,0.6,680,122,680,(X),147,69,21.6,9.2,130,68,19.1,9.1,533,109,78.4,9.2,524,109,77.1,9.0,5,4,0.7,0.6,4,6,0.6,0.9,0,13,0.0,5.7,0,13,0.0,5.7,0,13,0.0,5.7
0500000US48265,48265,"Kerr County, Texas",50761,*****,50761,(X),26198,117,51.6,0.2,40828,42,40828,(X),90.5,1.0,(X),(X),13540,102,13540,(X),85.8,1.8,(X),(X),49734,312,98.0,0.6,50761,*****,50761,(X),13263,*****,26.1,*****,11712,503,23.1,1.0,37498,*****,73.9,*****,35478,16,69.9,0.1,719,117,1.4,0.2,101,75,0.2,0.1,494,64,1.0,0.1,18,28,0.0,0.1,10,16,0.0,0.1
0500000US48267,48267,"Kimble County, Texas",4432,*****,4432,(X),2292,87,51.7,2.0,3603,91,3603,(X),85.2,6.7,(X),(X),1332,118,1332,(X),81.2,10.1,(X),(X),4325,63,97.6,1.4,4432,*****,4432,(X),1049,141,23.7,3.2,999,143,22.5,3.2,3383,141,76.3,3.2,3295,148,74.3,3.3,1,2,0.0,0.1,21,30,0.5,0.7,0,13,0.0,0.9,0,13,0.0,0.9,15,24,0.3,0.5
0500000US48269,48269,"King County, Texas",289,88,289,(X),139,48,48.1,10.4,216,66,216,(X),134.8,65.5,(X),(X),21,14,21,(X),133.3,83.7,(X),(X),289,88,100.0,12.9,289,88,289,(X),77,62,26.6,16.3,77,62,26.6,16.3,212,60,73.4,16.3,212,60,73.4,16.3,0,13,0.0,12.9,0,13,0.0,12.9,0,13,0.0,12.9,0,13,0.0,12.9,0,13,0.0,12.9
0500000US48271,48271,"Kinney County, Texas",3631,*****,3631,(X),1397,157,38.5,4.3,2928,152,2928,(X),166.2,33.5,(X),(X),639,153,639,(X),118.1,58.5,(X),(X),3631,1,100.0,1.1,3631,*****,3631,(X),2245,248,61.8,6.8,2062,267,56.8,7.4,1386,248,38.2,6.8,1382,247,38.1,6.8,4,6,0.1,0.2,0,13,0.0,1.1,0,13,0.0,1.1,0,13,0.0,1.1,0,13,0.0,1.1
0500000US48273,48273,"Kleberg County, Texas",31540,*****,31540,(X),15250,126,48.4,0.4,23820,147,23820,(X),104.3,2.3,(X),(X),4018,102,4018,(X),82.4,1.9,(X),(X),30938,263,98.1,0.8,31540,*****,31540,(X),22819,*****,72.3,*****,21304,459,67.5,1.5,8721,*****,27.7,*****,6618,53,21.0,0.2,1098,182,3.5,0.6,40,46,0.1,0.1,632,48,2.0,0.2,0,28,0.0,0.1,45,53,0.1,0.2
0500000US48275,48275,"Knox County, Texas",3753,*****,3753,(X),1874,64,49.9,1.7,2725,22,2725,(X),95.1,2.9,(X),(X),690,35,690,(X),71.2,7.2,(X),(X),3692,43,98.4,1.1,3753,*****,3753,(X),1255,*****,33.4,*****,1167,55,31.1,1.5,2498,*****,66.6,*****,2228,13,59.4,1.1,225,40,6.0,1.1,5,11,0.1,0.3,6,7,0.2,0.2,0,13,0.0,1.1,0,13,0.0,1.1
0500000US48277,48277,"Lamar County, Texas",49401,*****,49401,(X),25525,106,51.7,0.2,37696,81,37696,(X),90.3,0.6,(X),(X),9092,99,9092,(X),77.4,2.1,(X),(X),47318,355,95.8,0.7,49401,*****,49401,(X),3689,*****,7.5,*****,3063,270,6.2,0.5,45712,*****,92.5,*****,37039,47,75.0,0.1,6093,319,12.3,0.6,152,80,0.3,0.2,437,34,0.9,0.1,148,97,0.3,0.2,7,15,0.0,0.1
0500000US48279,48279,"Lamb County, Texas",13368,*****,13368,(X),6536,57,48.9,0.4,9591,20,9591,(X),98.7,1.9,(X),(X),2134,37,2134,(X),77.8,2.3,(X),(X),13029,138,97.5,1.0,13368,*****,13368,(X),7347,*****,55.0,*****,6741,222,50.4,1.7,6021,*****,45.0,*****,5319,21,39.8,0.3,484,84,3.6,0.6,39,30,0.3,0.2,72,67,0.5,0.5,0,21,0.0,0.3,0,21,0.0,0.3
0500000US48281,48281,"Lampasas County, Texas",20473,*****,20473,(X),10329,139,50.5,0.7,15660,87,15660,(X),96.4,2.5,(X),(X),3631,127,3631,(X),88.1,3.9,(X),(X),19706,206,96.3,1.0,20473,*****,20473,(X),3935,*****,19.2,*****,3242,247,15.8,1.2,16538,*****,80.8,*****,14916,25,72.9,0.2,621,164,3.0,0.8,84,61,0.4,0.3,226,73,1.1,0.4,211,140,1.0,0.7,40,50,0.2,0.2
0500000US48283,48283,"La Salle County, Texas",7418,214,7418,(X),3071,255,41.4,3.2,5839,342,5839,(X),148.5,22.9,(X),(X),1161,211,1161,(X),87.6,31.9,(X),(X),7163,287,96.6,2.6,7418,214,7418,(X),5928,332,79.9,3.7,5752,360,77.5,4.2,1490,275,20.1,3.7,1308,293,17.6,4.0,92,58,1.2,0.8,0,19,0.0,0.5,10,18,0.1,0.2,0,19,0.0,0.5,0,19,0.0,0.5
0500000US48285,48285,"Lavaca County, Texas",19859,*****,19859,(X),10263,43,51.7,0.2,15181,20,15181,(X),93.8,0.3,(X),(X),4463,47,4463,(X),78.6,1.3,(X),(X),19369,162,97.5,0.8,19859,*****,19859,(X),3593,*****,18.1,*****,3510,49,17.7,0.2,16266,*****,81.9,*****,14750,5,74.3,0.1,1312,80,6.6,0.4,8,12,0.0,0.1,74,21,0.4,0.1,0,21,0.0,0.2,3,5,0.0,0.1
0500000US48287,48287,"Lee County, Texas",16850,*****,16850,(X),8374,118,49.7,0.7,13035,*****,13035,(X),99.7,*****,(X),(X),2914,101,2914,(X),87.0,3.5,(X),(X),16655,97,98.8,0.6,16850,*****,16850,(X),3916,*****,23.2,*****,3736,127,22.2,0.8,12934,*****,76.8,*****,10731,31,63.7,0.2,1853,162,11.0,1.0,0,21,0.0,0.2,144,113,0.9,0.7,0,21,0.0,0.2,27,31,0.2,0.2
0500000US48289,48289,"Leon County, Texas",16966,*****,16966,(X),8481,76,50.0,0.4,13117,25,13117,(X),98.5,1.6,(X),(X),3979,69,3979,(X),89.7,3.0,(X),(X),16871,49,99.4,0.3,16966,*****,16966,(X),2405,*****,14.2,*****,2230,108,13.1,0.6,14561,*****,85.8,*****,12986,11,76.5,0.1,1218,58,7.2,0.3,99,43,0.6,0.3,126,16,0.7,0.1,31,45,0.2,0.3,6,11,0.0,0.1
0500000US48291,48291,"Liberty County, Texas",79884,*****,79884,(X),40393,180,50.6,0.2,59530,65,59530,(X),95.1,0.6,(X),(X),10220,97,10220,(X),85.0,2.0,(X),(X),78594,357,98.4,0.4,79884,*****,79884,(X),17488,*****,21.9,*****,16121,485,20.2,0.6,62396,*****,78.1,*****,52576,46,65.8,0.1,7972,294,10.0,0.4,269,116,0.3,0.1,454,110,0.6,0.1,5,8,0.0,0.1,65,80,0.1,0.1
0500000US48293,48293,"Limestone County, Texas",23480,*****,23480,(X),11409,92,48.6,0.4,18077,35,18077,(X),106.1,0.9,(X),(X),4175,66,4175,(X),86.4,3.1,(X),(X),23204,105,98.8,0.4,23480,*****,23480,(X),4994,*****,21.3,*****,4749,126,20.2,0.5,18486,*****,78.7,*****,13905,25,59.2,0.2,4140,74,17.6,0.3,66,38,0.3,0.2,156,19,0.7,0.1,0,25,0.0,0.2,50,58,0.2,0.2
0500000US48295,48295,"Lipscomb County, Texas",3495,*****,3495,(X),1615,70,46.2,2.0,2540,97,2540,(X),108.0,7.8,(X),(X),521,75,521,(X),74.2,8.2,(X),(X),3355,48,96.0,1.4,3495,*****,3495,(X),1046,137,29.9,3.9,963,137,27.6,3.9,2449,137,70.1,3.9,2308,136,66.0,3.9,13,13,0.4,0.4,24,16,0.7,0.5,25,14,0.7,0.4,1,2,0.0,0.1,2,4,0.1,0.1
0500000US48297,48297,"Live Oak County, Texas",12043,*****,12043,(X),5495,54,45.6,0.4,9637,*****,9637,(X),123.3,*****,(X),(X),2388,*****,2388,(X),93.8,*****,(X),(X),11832,136,98.2,1.1,12043,*****,12043,(X),4669,*****,38.8,*****,4384,175,36.4,1.5,7374,*****,61.2,*****,6941,168,57.6,1.4,293,103,2.4,0.9,0,21,0.0,0.3,78,99,0.6,0.8,0,21,0.0,0.3,0,21,0.0,0.3
0500000US48299,48299,"Llano County, Texas",20195,*****,20195,(X),10347,107,51.2,0.5,17267,5,17267,(X),93.5,1.9,(X),(X),7162,86,7162,(X),91.0,1.5,(X),(X),19600,290,97.1,1.4,20195,*****,20195,(X),1983,*****,9.8,*****,1721,177,8.5,0.9,18212,*****,90.2,*****,17593,4,87.1,0.1,150,189,0.7,0.9,28,41,0.1,0.2,77,72,0.4,0.4,0,25,0.0,0.2,1,4,0.0,0.1
0500000US48301,48301,"Loving County, Texas",74,33,74,(X),35,18,47.3,11.6,67,28,67,(X),116.1,59.1,(X),(X),18,15,18,(X),157.1,188.7,(X),(X),71,33,95.9,5.2,74,33,74,(X),12,13,16.2,15.7,12,13,16.2,15.7,62,29,83.8,15.7,55,28,74.3,16.8,0,13,0.0,38.2,4,6,5.4,8.2,0,13,0.0,38.2,0,13,0.0,38.2,0,13,0.0,38.2
0500000US48303,48303,"Lubbock County, Texas",298042,*****,298042,(X),150962,130,50.7,0.1,226111,28,226111,(X),95.8,0.1,(X),(X),35225,54,35225,(X),75.6,0.3,(X),(X),289834,980,97.2,0.3,298042,*****,298042,(X),102770,*****,34.5,*****,89618,1815,30.1,0.6,195272,*****,65.5,*****,162449,187,54.5,0.1,20465,619,6.9,0.2,1051,193,0.4,0.1,6110,393,2.1,0.1,196,53,0.1,0.1,320,183,0.1,0.1
0500000US48305,48305,"Lynn County, Texas",5785,*****,5785,(X),2828,31,48.9,0.5,4253,47,4253,(X),105.5,2.8,(X),(X),972,20,972,(X),87.3,2.5,(X),(X),5465,118,94.5,2.0,5785,*****,5785,(X),2728,*****,47.2,*****,2056,211,35.5,3.6,3057,*****,52.8,*****,2853,19,49.3,0.7,77,74,1.3,1.3,27,36,0.5,0.6,15,17,0.3,0.3,0,19,0.0,0.7,0,19,0.0,0.7
0500000US48307,48307,"McCulloch County, Texas",8145,*****,8145,(X),3974,144,48.8,1.8,6210,64,6210,(X),96.0,2.3,(X),(X),1736,79,1736,(X),86.7,7.3,(X),(X),7740,153,95.0,1.9,8145,*****,8145,(X),2571,*****,31.6,*****,2232,226,27.4,2.8,5574,*****,68.4,*****,5067,276,62.2,3.4,161,88,2.0,1.1,1,2,0.0,0.1,0,19,0.0,0.5,0,19,0.0,0.5,202,276,2.5,3.4
0500000US48309,48309,"McLennan County, Texas",245720,*****,245720,(X),125826,155,51.2,0.1,184712,120,184712,(X),92.2,0.2,(X),(X),33503,80,33503,(X),76.5,0.4,(X),(X),239926,906,97.6,0.4,245720,*****,245720,(X),63010,*****,25.6,*****,56651,886,23.1,0.4,182710,*****,74.4,*****,139446,168,56.7,0.1,34865,516,14.2,0.2,465,158,0.2,0.1,3713,278,1.5,0.1,32,34,0.0,0.1,269,188,0.1,0.1
0500000US48311,48311,"McMullen County, Texas",600,182,600,(X),279,97,46.5,7.3,430,134,430,(X),115.0,41.3,(X),(X),159,72,159,(X),80.7,47.5,(X),(X),600,182,100.0,6.4,600,182,600,(X),303,140,50.5,16.6,303,140,50.5,16.6,297,132,49.5,16.6,292,130,48.7,16.4,0,13,0.0,6.4,5,11,0.8,1.7,0,13,0.0,6.4,0,13,0.0,6.4,0,13,0.0,6.4
0500000US48313,48313,"Madison County, Texas",13979,*****,13979,(X),5330,164,38.1,1.2,11202,78,11202,(X),174.4,5.5,(X),(X),2101,58,2101,(X),89.6,5.3,(X),(X),13379,159,95.7,1.1,13979,*****,13979,(X),3134,*****,22.4,*****,2675,159,19.1,1.1,10845,*****,77.6,*****,7794,21,55.8,0.3,2428,183,17.4,1.3,17,25,0.1,0.2,159,161,1.1,1.2,22,30,0.2,0.2,0,21,0.0,0.3
0500000US48315,48315,"Marion County, Texas",10140,*****,10140,(X),5115,109,50.4,1.1,8242,21,8242,(X),93.9,1.5,(X),(X),2487,31,2487,(X),94.1,2.2,(X),(X),10034,83,99.0,0.8,10140,*****,10140,(X),394,*****,3.9,*****,332,35,3.3,0.3,9746,*****,96.1,*****,7187,21,70.9,0.4,2402,85,23.7,0.8,34,22,0.3,0.2,0,21,0.0,0.4,17,25,0.2,0.2,0,21,0.0,0.4
0500000US48317,48317,"Martin County, Texas",5547,*****,5547,(X),2691,107,48.5,1.9,3825,65,3825,(X),106.8,6.9,(X),(X),673,76,673,(X),107.1,12.0,(X),(X),5519,38,99.5,0.7,5547,*****,5547,(X),2500,174,45.1,3.1,2435,183,43.9,3.3,3047,174,54.9,3.1,2977,179,53.7,3.2,36,36,0.6,0.6,26,29,0.5,0.5,0,19,0.0,0.7,5,7,0.1,0.1,0,19,0.0,0.7
0500000US48319,48319,"Mason County, Texas",4122,*****,4122,(X),1922,127,46.6,3.1,3265,159,3265,(X),111.1,13.5,(X),(X),1068,151,1068,(X),92.8,17.4,(X),(X),3870,126,93.9,3.1,4122,*****,4122,(X),1001,182,24.3,4.4,938,196,22.8,4.8,3121,182,75.7,4.4,2962,181,71.9,4.4,1,2,0.0,0.1,12,19,0.3,0.5,103,56,2.5,1.4,0,13,0.0,1.0,0,13,0.0,1.0
0500000US48321,48321,"Matagorda County, Texas",36744,*****,36744,(X),18495,156,50.3,0.4,27196,69,27196,(X),98.4,0.8,(X),(X),5766,39,5766,(X),89.0,0.6,(X),(X),35635,548,97.0,1.5,36744,*****,36744,(X),15230,*****,41.4,*****,13990,532,38.1,1.4,21514,*****,58.6,*****,16503,6,44.9,0.1,3741,333,10.2,0.9,160,71,0.4,0.2,731,16,2.0,0.1,42,47,0.1,0.1,0,28,0.0,0.1
0500000US48323,48323,"Maverick County, Texas",57471,*****,57471,(X),28949,94,50.4,0.2,39062,*****,39062,(X),96.6,0.4,(X),(X),6426,65,6426,(X),76.4,1.6,(X),(X),57183,175,99.5,0.3,57471,*****,57471,(X),54767,*****,95.3,*****,53782,288,93.6,0.5,2704,*****,4.7,*****,1521,84,2.6,0.1,129,123,0.2,0.2,666,233,1.2,0.4,253,243,0.4,0.4,32,40,0.1,0.1,64,84,0.1,0.1
0500000US48325,48325,"Medina County, Texas",48548,*****,48548,(X),23475,166,48.4,0.3,37114,104,37114,(X),107.9,1.6,(X),(X),7702,119,7702,(X),88.4,3.0,(X),(X),47539,389,97.9,0.8,48548,*****,48548,(X),24884,*****,51.3,*****,22310,718,46.0,1.5,23664,*****,48.7,*****,21624,82,44.5,0.2,1140,125,2.3,0.3,163,94,0.3,0.2,303,103,0.6,0.2,8,14,0.0,0.1,0,28,0.0,0.1
0500000US48327,48327,"Menard County, Texas",2123,*****,2123,(X),964,85,45.4,4.0,1743,90,1743,(X),114.4,17.6,(X),(X),578,120,578,(X),103.5,27.4,(X),(X),1913,110,90.1,5.2,2123,*****,2123,(X),792,140,37.3,6.6,773,140,36.4,6.6,1331,140,62.7,6.6,1252,141,59.0,6.7,13,17,0.6,0.8,12,14,0.6,0.7,0,13,0.0,1.9,0,13,0.0,1.9,0,13,0.0,1.9
0500000US48329,48329,"Midland County, Texas",159883,*****,159883,(X),79545,261,49.8,0.2,115230,92,115230,(X),99.0,0.4,(X),(X),16386,76,16386,(X),76.7,0.4,(X),(X),156393,684,97.8,0.4,159883,*****,159883,(X),69124,*****,43.2,*****,64731,823,40.5,0.5,90759,*****,56.8,*****,75630,181,47.3,0.1,9374,464,5.9,0.3,608,194,0.4,0.1,2913,196,1.8,0.1,74,47,0.0,0.1,146,179,0.1,0.1
0500000US48331,48331,"Milam County, Texas",24479,*****,24479,(X),12285,138,50.2,0.6,18363,50,18363,(X),93.3,0.8,(X),(X),4792,59,4792,(X),88.1,2.3,(X),(X),23800,257,97.2,1.1,24479,*****,24479,(X),6306,*****,25.8,*****,5767,239,23.6,1.0,18173,*****,74.2,*****,15408,12,62.9,0.1,2063,248,8.4,1.0,34,22,0.1,0.1,122,45,0.5,0.2,0,25,0.0,0.2,10,12,0.0,0.1
0500000US48333,48333,"Mills County, Texas",4887,*****,4887,(X),2612,115,53.4,2.4,3771,152,3771,(X),83.8,8.6,(X),(X),1344,146,1344,(X),88.5,12.5,(X),(X),4872,16,99.7,0.3,4887,*****,4887,(X),892,182,18.3,3.7,827,182,16.9,3.7,3995,182,81.7,3.7,3971,181,81.3,3.7,11,17,0.2,0.3,0,13,0.0,0.8,3,3,0.1,0.1,0,13,0.0,0.8,0,13,0.0,0.8
0500000US48335,48335,"Mitchell County, Texas",8774,*****,8774,(X),3357,136,38.3,1.6,7098,34,7098,(X),178.7,7.7,(X),(X),1265,110,1265,(X),92.8,15.5,(X),(X),8561,90,97.6,1.0,8774,*****,8774,(X),3446,*****,39.3,*****,3270,83,37.3,0.9,5328,*****,60.7,*****,4270,19,48.7,0.5,902,47,10.3,0.5,30,24,0.3,0.3,33,38,0.4,0.4,0,19,0.0,0.5,0,19,0.0,0.5
0500000US48337,48337,"Montague County, Texas",19406,*****,19406,(X),9894,84,51.0,0.4,14960,*****,14960,(X),96.0,1.9,(X),(X),4288,92,4288,(X),88.4,5.3,(X),(X),18845,107,97.1,0.6,19406,*****,19406,(X),2072,*****,10.7,*****,2035,36,10.5,0.2,17334,*****,89.3,*****,16748,21,86.3,0.2,41,37,0.2,0.2,50,37,0.3,0.2,19,31,0.1,0.2,0,21,0.0,0.2,0,21,0.0,0.2
0500000US48339,48339,"Montgomery County, Texas",535187,*****,535187,(X),270153,132,50.5,0.1,392548,25,392548,(X),96.0,0.1,(X),(X),65963,142,65963,(X),82.4,0.4,(X),(X),522655,1257,97.7,0.2,535187,*****,535187,(X),122934,*****,23.0,*****,93963,2683,17.6,0.5,412253,*****,77.0,*****,363190,387,67.9,0.1,23915,625,4.5,0.1,746,250,0.1,0.1,14823,471,2.8,0.1,462,77,0.1,0.1,673,328,0.1,0.1
0500000US48341,48341,"Moore County, Texas",22016,*****,22016,(X),10550,222,47.9,1.0,15040,92,15040,(X),109.1,2.4,(X),(X),2161,4,2161,(X),87.7,0.4,(X),(X),21476,256,97.5,1.2,22016,*****,22016,(X),11920,*****,54.1,*****,11162,440,50.7,2.0,10096,*****,45.9,*****,7410,25,33.7,0.2,700,16,3.2,0.1,59,56,0.3,0.3,1735,76,7.9,0.3,0,25,0.0,0.2,0,25,0.0,0.2
0500000US48343,48343,"Morris County, Texas",12530,*****,12530,(X),6508,98,51.9,0.8,9646,31,9646,(X),88.1,1.1,(X),(X),2612,44,2612,(X),80.9,2.2,(X),(X),12202,130,97.4,1.0,12530,*****,12530,(X),1148,*****,9.2,*****,945,125,7.5,1.0,11382,*****,90.8,*****,8159,21,65.1,0.3,2953,84,23.6,0.7,46,51,0.4,0.4,13,15,0.1,0.1,8,14,0.1,0.1,0,21,0.0,0.3
0500000US48345,48345,"Motley County, Texas",1114,108,1114,(X),539,66,48.4,3.4,846,81,846,(X),115.3,17.6,(X),(X),321,55,321,(X),92.2,17.3,(X),(X),1084,110,97.3,2.9,1114,108,1114,(X),182,100,16.3,8.0,162,102,14.5,8.4,932,79,83.7,8.0,852,87,76.5,8.4,39,16,3.5,1.5,0,13,0.0,3.5,0,13,0.0,3.5,0,13,0.0,3.5,11,16,1.0,1.4
0500000US48347,48347,"Nacogdoches County, Texas",65411,*****,65411,(X),34114,128,52.2,0.2,50062,45,50062,(X),88.0,0.5,(X),(X),8628,110,8628,(X),78.6,1.5,(X),(X),64004,329,97.8,0.5,65411,*****,65411,(X),12372,*****,18.9,*****,10925,512,16.7,0.8,53039,*****,81.1,*****,39199,45,59.9,0.1,11221,298,17.2,0.5,172,74,0.3,0.1,1072,44,1.6,0.1,0,31,0.0,0.1,17,22,0.0,0.1
0500000US48349,48349,"Navarro County, Texas",48239,*****,48239,(X),24513,122,50.8,0.3,35544,*****,35544,(X),93.2,0.9,(X),(X),7922,42,7922,(X),81.2,1.6,(X),(X),47248,289,97.9,0.6,48239,*****,48239,(X),12647,*****,26.2,*****,11881,399,24.6,0.8,35592,*****,73.8,*****,27631,20,57.3,0.1,6323,156,13.1,0.3,153,69,0.3,0.1,302,62,0.6,0.1,498,44,1.0,0.1,25,31,0.1,0.1
0500000US48351,48351,"Newton County, Texas",14187,*****,14187,(X),6751,141,47.6,1.0,11238,20,11238,(X),111.9,2.1,(X),(X),2705,48,2705,(X),88.4,3.2,(X),(X),13996,56,98.7,0.4,14187,*****,14187,(X),490,*****,3.5,*****,473,21,3.3,0.1,13697,*****,96.5,*****,10442,21,73.6,0.3,3024,49,21.3,0.3,28,35,0.2,0.2,12,26,0.1,0.2,0,21,0.0,0.3,0,21,0.0,0.3
0500000US48353,48353,"Nolan County, Texas",14990,*****,14990,(X),7361,70,49.1,0.5,11217,79,11217,(X),97.0,2.5,(X),(X),2630,47,2630,(X),81.1,1.8,(X),(X),14732,148,98.3,1.0,14990,*****,14990,(X),5456,*****,36.4,*****,5284,86,35.3,0.6,9534,*****,63.6,*****,8548,21,57.0,0.3,733,145,4.9,1.0,59,17,0.4,0.1,42,48,0.3,0.3,0,21,0.0,0.3,0,21,0.0,0.3
0500000US48355,48355,"Nueces County, Texas",358484,*****,358484,(X),181648,148,50.7,0.1,268364,108,268364,(X),95.1,0.1,(X),(X),47851,82,47851,(X),78.8,0.3,(X),(X),352375,746,98.3,0.2,358484,*****,358484,(X),225811,*****,63.0,*****,209355,1453,58.4,0.4,132673,*****,37.0,*****,108703,119,30.3,0.1,12915,273,3.6,0.1,806,181,0.2,0.1,6823,254,1.9,0.1,220,63,0.1,0.1,229,133,0.1,0.1
0500000US48357,48357,"Ochiltree County, Texas",10484,*****,10484,(X),5131,98,48.9,0.9,7170,34,7170,(X),103.5,3.3,(X),(X),1054,49,1054,(X),82.0,6.7,(X),(X),10131,155,96.6,1.5,10484,*****,10484,(X),5553,*****,53.0,*****,5183,178,49.4,1.7,4931,*****,47.0,*****,4662,21,44.5,0.4,18,28,0.2,0.3,69,59,0.7,0.6,20,26,0.2,0.2,0,21,0.0,0.4,0,21,0.0,0.4
0500000US48359,48359,"Oldham County, Texas",2083,*****,2083,(X),875,180,42.0,8.6,1303,185,1303,(X),108.1,17.3,(X),(X),287,80,287,(X),99.3,20.3,(X),(X),2018,45,96.9,2.1,2083,*****,2083,(X),322,81,15.5,3.9,255,71,12.2,3.4,1761,82,84.5,3.9,1579,130,75.8,6.3,117,116,5.6,5.6,1,5,0.0,0.2,2,6,0.1,0.3,0,13,0.0,1.9,0,13,0.0,1.9
0500000US48361,48361,"Orange County, Texas",83909,*****,83909,(X),42404,139,50.5,0.2,63089,*****,63089,(X),95.4,0.5,(X),(X),12566,93,12566,(X),78.8,1.3,(X),(X),82273,283,98.1,0.3,83909,*****,83909,(X),5946,*****,7.1,*****,4752,376,5.7,0.4,77963,*****,92.9,*****,68273,86,81.4,0.1,6928,246,8.3,0.3,240,99,0.3,0.1,946,94,1.1,0.1,3,5,0.0,0.1,78,68,0.1,0.1
0500000US48363,48363,"Palo Pinto County, Texas",28109,*****,28109,(X),14205,90,50.5,0.3,21475,31,21475,(X),94.6,1.2,(X),(X),5260,68,5260,(X),85.8,2.1,(X),(X),27638,142,98.3,0.5,28109,*****,28109,(X),5539,*****,19.7,*****,5190,140,18.5,0.5,22570,*****,80.3,*****,21203,44,75.4,0.2,681,73,2.4,0.3,175,49,0.6,0.2,177,56,0.6,0.2,24,24,0.1,0.1,34,44,0.1,0.2
0500000US48365,48365,"Panola County, Texas",23574,*****,23574,(X),11939,115,50.6,0.5,17956,68,17956,(X),95.1,1.1,(X),(X),4072,42,4072,(X),83.8,1.8,(X),(X),23323,157,98.9,0.7,23574,*****,23574,(X),2017,*****,8.6,*****,1989,23,8.4,0.1,21557,*****,91.4,*****,17311,25,73.4,0.2,3844,136,16.3,0.6,12,22,0.1,0.1,150,67,0.6,0.3,10,16,0.0,0.1,0,25,0.0,0.2
0500000US48367,48367,"Parker County, Texas",125963,*****,125963,(X),63418,143,50.3,0.1,94831,*****,94831,(X),97.4,0.4,(X),(X),18674,105,18674,(X),90.2,1.2,(X),(X),123508,394,98.1,0.3,125963,*****,125963,(X),14461,*****,11.5,*****,13137,418,10.4,0.3,111502,*****,88.5,*****,106370,82,84.4,0.1,1642,244,1.3,0.2,622,223,0.5,0.2,613,131,0.5,0.1,52,58,0.0,0.1,132,91,0.1,0.1
0500000US48369,48369,"Parmer County, Texas",9871,*****,9871,(X),4806,49,48.7,0.5,6999,20,6999,(X),105.7,2.0,(X),(X),1294,20,1294,(X),86.5,0.7,(X),(X),9569,137,96.9,1.4,9871,*****,9871,(X),6161,*****,62.4,*****,5679,181,57.5,1.8,3710,*****,37.6,*****,3468,42,35.1,0.4,161,39,1.6,0.4,14,17,0.1,0.2,22,32,0.2,0.3,0,19,0.0,0.4,0,19,0.0,0.4
0500000US48371,48371,"Pecos County, Texas",15804,*****,15804,(X),6746,98,42.7,0.6,11984,52,11984,(X),146.3,2.7,(X),(X),1979,20,1979,(X),98.3,3.4,(X),(X),15708,52,99.4,0.3,15804,*****,15804,(X),10822,*****,68.5,*****,10379,239,65.7,1.5,4982,*****,31.5,*****,4094,24,25.9,0.2,654,63,4.1,0.4,87,18,0.6,0.1,66,57,0.4,0.4,9,16,0.1,0.1,20,24,0.1,0.2
0500000US48373,48373,"Polk County, Texas",46974,*****,46974,(X),21686,113,46.2,0.2,37284,39,37284,(X),119.2,0.3,(X),(X),8817,27,8817,(X),98.0,0.6,(X),(X),46005,240,97.9,0.5,46974,*****,46974,(X),6946,*****,14.8,*****,5930,236,12.6,0.5,40028,*****,85.2,*****,33325,63,70.9,0.1,4895,149,10.4,0.3,694,108,1.5,0.2,289,90,0.6,0.2,61,56,0.1,0.1,42,63,0.1,0.1
0500000US48375,48375,"Potter County, Texas",121230,*****,121230,(X),58763,81,48.5,0.1,87729,25,87729,(X),107.2,0.1,(X),(X),14090,43,14090,(X),77.2,0.5,(X),(X),116770,573,96.3,0.5,121230,*****,121230,(X),45560,*****,37.6,*****,42009,741,34.7,0.6,75670,*****,62.4,*****,54757,79,45.2,0.1,11301,392,9.3,0.3,328,93,0.3,0.1,6343,210,5.2,0.2,85,15,0.1,0.1,89,71,0.1,0.1
0500000US48377,48377,"Presidio County, Texas",7191,*****,7191,(X),3633,119,50.5,1.7,5169,142,5169,(X),94.1,5.6,(X),(X),1573,152,1573,(X),83.5,8.7,(X),(X),7191,19,100.0,0.6,7191,*****,7191,(X),5854,131,81.4,1.8,5711,163,79.4,2.3,1337,131,18.6,1.8,979,124,13.6,1.7,0,19,0.0,0.6,0,19,0.0,0.6,358,48,5.0,0.7,0,19,0.0,0.6,0,19,0.0,0.6
0500000US48379,48379,"Rains County, Texas",11246,*****,11246,(X),5524,90,49.1,0.8,8882,105,8882,(X),99.9,3.0,(X),(X),2642,87,2642,(X),95.8,5.7,(X),(X),10905,105,97.0,0.9,11246,*****,11246,(X),973,*****,8.7,*****,940,46,8.4,0.4,10273,*****,91.3,*****,9653,16,85.8,0.1,172,91,1.5,0.8,109,40,1.0,0.4,9,11,0.1,0.1,0,21,0.0,0.4,0,21,0.0,0.4
0500000US48381,48381,"Randall County, Texas",130552,*****,130552,(X),66403,141,50.9,0.1,98918,*****,98918,(X),94.1,*****,(X),(X),18129,110,18129,(X),79.0,1.0,(X),(X),126729,663,97.1,0.5,130552,*****,130552,(X),26314,*****,20.2,*****,22903,678,17.5,0.5,104238,*****,79.8,*****,95851,90,73.4,0.1,3596,278,2.8,0.2,517,116,0.4,0.1,1906,270,1.5,0.2,103,79,0.1,0.1,90,73,0.1,0.1
0500000US48383,48383,"Reagan County, Texas",3735,*****,3735,(X),1749,78,46.8,2.1,2666,87,2666,(X),111.9,7.8,(X),(X),413,83,413,(X),103.4,25.2,(X),(X),3705,26,99.2,0.7,3735,*****,3735,(X),2620,142,70.1,3.8,2473,208,66.2,5.6,1115,142,29.9,3.8,1078,135,28.9,3.6,27,24,0.7,0.6,0,13,0.0,1.1,0,13,0.0,1.1,0,13,0.0,1.1,0,13,0.0,1.1
0500000US48385,48385,"Real County, Texas",3358,*****,3358,(X),1805,146,53.8,4.3,2688,124,2688,(X),88.6,17.7,(X),(X),1145,138,1145,(X),93.7,23.1,(X),(X),3357,2,100.0,0.1,3358,*****,3358,(X),664,177,19.8,5.3,647,183,19.3,5.4,2694,177,80.2,5.3,2685,177,80.0,5.3,7,6,0.2,0.2,0,13,0.0,1.2,1,3,0.0,0.1,0,13,0.0,1.2,0,13,0.0,1.2
0500000US48387,48387,"Red River County, Texas",12353,*****,12353,(X),6550,106,53.0,0.9,9887,25,9887,(X),89.2,2.9,(X),(X),2874,37,2874,(X),82.8,2.0,(X),(X),12113,48,98.1,0.4,12353,*****,12353,(X),897,*****,7.3,*****,872,26,7.1,0.2,11456,*****,92.7,*****,9035,21,73.1,0.3,2176,33,17.6,0.3,27,24,0.2,0.2,1,3,0.0,0.1,0,21,0.0,0.3,0,21,0.0,0.3
0500000US48389,48389,"Reeves County, Texas",14791,*****,14791,(X),5853,149,39.6,1.0,11453,114,11453,(X),170.1,7.3,(X),(X),1896,118,1896,(X),88.1,7.6,(X),(X),14591,113,98.6,0.8,14791,*****,14791,(X),11096,*****,75.0,*****,10459,219,70.7,1.5,3695,*****,25.0,*****,2693,40,18.2,0.3,661,118,4.5,0.8,54,87,0.4,0.6,168,42,1.1,0.3,0,21,0.0,0.3,34,42,0.2,0.3
0500000US48391,48391,"Refugio County, Texas",7293,*****,7293,(X),3676,47,50.4,0.7,5567,*****,5567,(X),96.0,*****,(X),(X),1536,28,1536,(X),81.6,2.6,(X),(X),6810,163,93.4,2.2,7293,*****,7293,(X),3626,*****,49.7,*****,3379,94,46.3,1.3,3667,*****,50.3,*****,3084,19,42.3,0.5,363,69,5.0,0.9,8,11,0.1,0.1,5,7,0.1,0.1,0,19,0.0,0.5,0,19,0.0,0.5
0500000US48393,48393,"Roberts County, Texas",889,117,889,(X),485,75,54.6,4.3,625,70,625,(X),89.4,11.9,(X),(X),184,42,184,(X),95.7,20.8,(X),(X),875,114,98.4,1.6,889,117,889,(X),66,61,7.4,6.6,66,61,7.4,6.6,823,111,92.6,6.6,805,108,90.6,6.8,0,13,0.0,4.4,0,13,0.0,4.4,4,6,0.4,0.7,0,13,0.0,4.4,0,13,0.0,4.4
0500000US48395,48395,"Robertson County, Texas",16727,*****,16727,(X),8436,120,50.4,0.7,12682,39,12682,(X),94.3,1.0,(X),(X),3028,111,3028,(X),84.3,4.1,(X),(X),16449,90,98.3,0.5,16727,*****,16727,(X),3382,*****,20.2,*****,3234,90,19.3,0.5,13345,*****,79.8,*****,9682,13,57.9,0.1,3299,74,19.7,0.4,41,22,0.2,0.1,45,47,0.3,0.3,18,19,0.1,0.1,10,13,0.1,0.1
0500000US48397,48397,"Rockwall County, Texas",90414,*****,90414,(X),45951,141,50.8,0.2,65353,*****,65353,(X),94.3,0.3,(X),(X),10576,151,10576,(X),80.7,1.5,(X),(X),87748,569,97.1,0.6,90414,*****,90414,(X),15419,*****,17.1,*****,11883,712,13.1,0.8,74995,*****,82.9,*****,65357,52,72.3,0.1,5437,210,6.0,0.2,201,93,0.2,0.1,2195,229,2.4,0.3,0,31,0.0,0.1,41,52,0.0,0.1
0500000US48399,48399,"Runnels County, Texas",10266,*****,10266,(X),5216,66,50.8,0.6,7835,32,7835,(X),99.1,1.7,(X),(X),2094,45,2094,(X),81.8,3.8,(X),(X),10106,85,98.4,0.8,10266,*****,10266,(X),3474,*****,33.8,*****,3090,173,30.1,1.7,6792,*****,66.2,*****,6394,10,62.3,0.1,134,69,1.3,0.7,37,37,0.4,0.4,109,92,1.1,0.9,0,21,0.0,0.4,5,7,0.0,0.1
0500000US48401,48401,"Rusk County, Texas",53026,*****,53026,(X),25216,75,47.6,0.1,40717,*****,40717,(X),113.3,0.7,(X),(X),8412,136,8412,(X),83.5,2.8,(X),(X),52053,218,98.2,0.4,53026,*****,53026,(X),8559,*****,16.1,*****,7929,273,15.0,0.5,44467,*****,83.9,*****,34304,18,64.7,0.1,9029,137,17.0,0.3,101,60,0.2,0.1,243,47,0.5,0.1,0,31,0.0,0.1,30,44,0.1,0.1
0500000US48403,48403,"Sabine County, Texas",10429,*****,10429,(X),5197,153,49.8,1.5,8558,89,8558,(X),100.9,4.6,(X),(X),3119,39,3119,(X),99.9,2.5,(X),(X),10250,115,98.3,1.1,10429,*****,10429,(X),422,*****,4.0,*****,356,77,3.4,0.7,10007,*****,96.0,*****,8977,73,86.1,0.7,789,112,7.6,1.1,0,21,0.0,0.4,10,19,0.1,0.2,0,21,0.0,0.4,52,73,0.5,0.7
0500000US48405,48405,"San Augustine County, Texas",8403,*****,8403,(X),4249,142,50.6,1.7,6702,*****,6702,(X),95.7,2.3,(X),(X),2057,60,2057,(X),85.1,5.4,(X),(X),8241,103,98.1,1.2,8403,*****,8403,(X),584,*****,6.9,*****,473,116,5.6,1.4,7819,*****,93.1,*****,5783,19,68.8,0.5,1746,170,20.8,2.0,128,147,1.5,1.8,0,19,0.0,0.5,0,19,0.0,0.5,0,19,0.0,0.5
0500000US48407,48407,"San Jacinto County, Texas",27436,*****,27436,(X),13873,164,50.6,0.6,21351,*****,21351,(X),96.2,1.9,(X),(X),5582,97,5582,(X),93.3,4.0,(X),(X),27015,259,98.5,0.9,27436,*****,27436,(X),3433,*****,12.5,*****,3042,227,11.1,0.8,24003,*****,87.5,*****,20537,111,74.9,0.4,2932,281,10.7,1.0,131,191,0.5,0.7,2,4,0.0,0.1,0,25,0.0,0.1,0,25,0.0,0.1
0500000US48409,48409,"San Patricio County, Texas",66867,*****,66867,(X),33275,93,49.8,0.1,48591,42,48591,(X),98.5,0.6,(X),(X),9434,86,9434,(X),84.8,1.8,(X),(X),65229,353,97.6,0.5,66867,*****,66867,(X),38004,*****,56.8,*****,35579,581,53.2,0.9,28863,*****,43.2,*****,26351,20,39.4,0.1,992,156,1.5,0.2,115,85,0.2,0.1,669,61,1.0,0.1,14,14,0.0,0.1,10,15,0.0,0.1
0500000US48411,48411,"San Saba County, Texas",5851,*****,5851,(X),2902,80,49.6,1.4,4648,43,4648,(X),103.5,4.9,(X),(X),1284,58,1284,(X),82.4,5.5,(X),(X),5666,120,96.8,2.0,5851,*****,5851,(X),1739,*****,29.7,*****,1472,120,25.2,2.1,4112,*****,70.3,*****,3823,19,65.3,0.7,161,90,2.8,1.5,0,19,0.0,0.7,1,3,0.0,0.1,0,19,0.0,0.7,0,19,0.0,0.7
0500000US48413,48413,"Schleicher County, Texas",3122,*****,3122,(X),1550,39,49.6,1.3,2242,*****,2242,(X),101.4,*****,(X),(X),503,50,503,(X),86.3,12.1,(X),(X),3120,3,99.9,0.1,3122,*****,3122,(X),1618,*****,51.8,*****,1593,32,51.0,1.0,1504,*****,48.2,*****,1489,15,47.7,0.5,9,14,0.3,0.4,0,13,0.0,1.3,4,6,0.1,0.2,0,13,0.0,1.3,0,13,0.0,1.3
0500000US48415,48415,"Scurry County, Texas",17346,*****,17346,(X),7900,120,45.5,0.7,12986,88,12986,(X),119.6,3.1,(X),(X),2539,122,2539,(X),78.4,3.3,(X),(X),16916,167,97.5,1.0,17346,*****,17346,(X),6891,*****,39.7,*****,6391,188,36.8,1.1,10455,*****,60.3,*****,9306,62,53.6,0.4,784,139,4.5,0.8,21,24,0.1,0.1,38,33,0.2,0.2,0,21,0.0,0.2,30,51,0.2,0.3
0500000US48417,48417,"Shackelford County, Texas",3348,*****,3348,(X),1671,37,49.9,1.1,2540,18,2540,(X),88.7,3.4,(X),(X),606,3,606,(X),85.9,1.1,(X),(X),3273,18,97.8,0.5,3348,*****,3348,(X),391,*****,11.7,*****,369,21,11.0,0.6,2957,*****,88.3,*****,2867,13,85.6,1.2,6,5,0.2,0.1,10,14,0.3,0.4,6,10,0.2,0.3,0,13,0.0,1.2,0,13,0.0,1.2
0500000US48419,48419,"Shelby County, Texas",25689,*****,25689,(X),12949,123,50.4,0.5,18881,*****,18881,(X),96.1,*****,(X),(X),4228,75,4228,(X),83.9,3.0,(X),(X),25574,80,99.6,0.3,25689,*****,25689,(X),4580,*****,17.8,*****,4353,153,16.9,0.6,21109,*****,82.2,*****,15961,10,62.1,0.1,4837,254,18.8,1.0,40,58,0.2,0.2,140,230,0.5,0.9,21,33,0.1,0.1,7,10,0.0,0.1
0500000US48421,48421,"Sherman County, Texas",3067,*****,3067,(X),1477,104,48.2,3.4,2363,166,2363,(X),103.9,6.1,(X),(X),429,65,429,(X),80.3,12.6,(X),(X),2999,51,97.8,1.7,3067,*****,3067,(X),1327,82,43.3,2.7,1217,99,39.7,3.2,1740,82,56.7,2.7,1712,130,55.8,4.2,8,15,0.3,0.5,7,25,0.2,0.8,0,13,0.0,1.3,0,13,0.0,1.3,0,13,0.0,1.3
0500000US48423,48423,"Smith County, Texas",222277,*****,222277,(X),114922,79,51.7,0.1,167102,*****,167102,(X),89.8,*****,(X),(X),34654,124,34654,(X),78.5,0.4,(X),(X),218777,718,98.4,0.3,222277,*****,222277,(X),42128,*****,19.0,*****,38149,778,17.2,0.4,180149,*****,81.0,*****,134122,81,60.3,0.1,38746,585,17.4,0.3,730,170,0.3,0.1,3497,267,1.6,0.1,231,277,0.1,0.1,246,129,0.1,0.1
0500000US48425,48425,"Somervell County, Texas",8650,*****,8650,(X),4495,144,52.0,1.7,6623,*****,6623,(X),95.4,1.7,(X),(X),1578,48,1578,(X),90.6,4.8,(X),(X),8533,96,98.6,1.1,8650,*****,8650,(X),1648,*****,19.1,*****,1569,83,18.1,1.0,7002,*****,80.9,*****,6804,146,78.7,1.7,51,46,0.6,0.5,30,51,0.3,0.6,0,19,0.0,0.5,49,66,0.6,0.8,6,10,0.1,0.1
0500000US48427,48427,"Starr County, Texas",63420,*****,63420,(X),32605,*****,51.4,*****,42323,*****,42323,(X),91.9,*****,(X),(X),7023,*****,7023,(X),78.3,*****,(X),(X),63156,155,99.6,0.2,63420,*****,63420,(X),62903,178,99.2,0.3,60837,780,95.9,1.2,517,178,0.8,0.3,403,170,0.6,0.3,24,37,0.0,0.1,9,15,0.0,0.1,57,64,0.1,0.1,0,31,0.0,0.1,10,15,0.0,0.1
0500000US48429,48429,"Stephens County, Texas",9365,*****,9365,(X),4539,101,48.5,1.1,7284,61,7284,(X),107.1,2.1,(X),(X),1779,64,1779,(X),78.1,4.7,(X),(X),9108,164,97.3,1.7,9365,*****,9365,(X),2176,*****,23.2,*****,2141,45,22.9,0.5,7189,*****,76.8,*****,6756,31,72.1,0.3,204,64,2.2,0.7,58,77,0.6,0.8,44,41,0.5,0.4,0,19,0.0,0.4,20,31,0.2,0.3
0500000US48431,48431,"Sterling County, Texas",1139,158,1139,(X),531,80,46.6,5.6,810,108,810,(X),96.1,22.7,(X),(X),182,66,182,(X),45.6,31.7,(X),(X),1122,161,98.5,2.1,1139,158,1139,(X),465,125,40.8,9.3,455,128,39.9,9.5,674,138,59.2,9.3,654,139,57.4,9.3,3,7,0.3,0.6,0,13,0.0,3.4,0,13,0.0,3.4,0,13,0.0,3.4,0,13,0.0,3.4
0500000US48433,48433,"Stonewall County, Texas",1084,190,1084,(X),529,109,48.8,4.8,826,125,826,(X),106.5,17.2,(X),(X),283,76,283,(X),126.4,40.6,(X),(X),1071,187,98.8,1.2,1084,190,1084,(X),246,128,22.7,10.1,201,122,18.5,10.1,838,153,77.3,10.1,787,145,72.6,9.8,38,32,3.5,2.9,0,13,0.0,3.6,0,13,0.0,3.6,0,13,0.0,3.6,0,13,0.0,3.6
0500000US48435,48435,"Sutton County, Texas",3894,*****,3894,(X),1767,102,45.4,2.6,2904,121,2904,(X),112.0,12.4,(X),(X),655,133,655,(X),129.0,35.2,(X),(X),3885,13,99.8,0.3,3894,*****,3894,(X),2314,200,59.4,5.1,2236,208,57.4,5.4,1580,200,40.6,5.1,1528,200,39.2,5.1,3,4,0.1,0.1,0,13,0.0,1.0,0,13,0.0,1.0,40,52,1.0,1.3,0,13,0.0,1.0
0500000US48437,48437,"Swisher County, Texas",7541,*****,7541,(X),3586,89,47.6,1.2,5611,*****,5611,(X),114.2,2.7,(X),(X),1330,23,1330,(X),82.9,3.9,(X),(X),7151,180,94.8,2.4,7541,*****,7541,(X),3253,*****,43.1,*****,3120,86,41.4,1.1,4288,*****,56.9,*****,3584,13,47.5,0.2,429,107,5.7,1.4,41,33,0.5,0.4,14,14,0.2,0.2,5,8,0.1,0.1,13,13,0.2,0.2
0500000US48439,48439,"Tarrant County, Texas",1983675,*****,1983675,(X),1012533,184,51.0,0.1,1449596,*****,1449596,(X),93.1,*****,(X),(X),208089,98,208089,(X),76.9,0.1,(X),(X),1920604,2923,96.8,0.1,1983675,*****,1983675,(X),559025,*****,28.2,*****,475195,4340,24.0,0.2,1424650,*****,71.8,*****,959103,649,48.3,0.1,308577,1812,15.6,0.1,5443,637,0.3,0.1,100560,1270,5.1,0.1,3298,280,0.2,0.1,3539,875,0.2,0.1
0500000US48441,48441,"Taylor County, Texas",135371,*****,135371,(X),69113,77,51.1,0.1,101947,*****,101947,(X),93.4,*****,(X),(X),18871,72,18871,(X),74.4,0.5,(X),(X),131625,515,97.2,0.4,135371,*****,135371,(X),32219,*****,23.8,*****,28954,639,21.4,0.5,103152,*****,76.2,*****,87366,124,64.5,0.1,10018,295,7.4,0.2,670,121,0.5,0.1,2612,204,1.9,0.2,73,74,0.1,0.1,192,145,0.1,0.1
0500000US48443,48443,"Terrell County, Texas",721,144,721,(X),364,93,50.5,7.7,571,109,571,(X),87.2,31.4,(X),(X),225,83,225,(X),92.3,54.9,(X),(X),673,139,93.3,5.9,721,144,721,(X),406,137,56.3,11.7,379,138,52.6,13.0,315,87,43.7,11.7,239,76,33.1,10.6,23,23,3.2,3.3,5,9,0.7,1.2,0,13,0.0,5.4,0,13,0.0,5.4,0,13,0.0,5.4
0500000US48445,48445,"Terry County, Texas",12755,*****,12755,(X),6002,78,47.1,0.6,9279,13,9279,(X),115.1,3.4,(X),(X),1906,88,1906,(X),71.7,5.6,(X),(X),12510,120,98.1,0.9,12755,*****,12755,(X),6858,*****,53.8,*****,6671,111,52.3,0.9,5897,*****,46.2,*****,5203,21,40.8,0.3,592,36,4.6,0.3,31,17,0.2,0.1,0,21,0.0,0.3,0,21,0.0,0.3,0,21,0.0,0.3
0500000US48447,48447,"Throckmorton County, Texas",1541,142,1541,(X),836,87,54.3,2.3,1222,94,1222,(X),92.4,8.1,(X),(X),406,53,406,(X),82.9,17.6,(X),(X),1522,142,98.8,1.6,1541,142,1541,(X),244,101,15.8,6.1,242,101,15.7,6.1,1297,139,84.2,6.1,1271,139,82.5,6.3,2,4,0.1,0.2,0,13,0.0,2.6,5,8,0.3,0.5,0,13,0.0,2.6,0,13,0.0,2.6
0500000US48449,48449,"Titus County, Texas",32664,*****,32664,(X),16609,88,50.8,0.3,23145,17,23145,(X),95.1,0.7,(X),(X),4372,82,4372,(X),79.9,2.8,(X),(X),32061,240,98.2,0.7,32664,*****,32664,(X),13749,*****,42.1,*****,12914,226,39.5,0.7,18915,*****,57.9,*****,15121,22,46.3,0.1,2970,182,9.1,0.6,75,49,0.2,0.2,253,88,0.8,0.3,0,28,0.0,0.1,13,22,0.0,0.1
0500000US48451,48451,"Tom Green County, Texas",116906,*****,116906,(X),59058,167,50.5,0.1,89272,*****,89272,(X),97.2,0.4,(X),(X),17079,91,17079,(X),79.6,0.9,(X),(X),114358,520,97.8,0.4,116906,*****,116906,(X),45407,*****,38.8,*****,40995,1021,35.1,0.9,71499,*****,61.2,*****,63505,142,54.3,0.1,4682,240,4.0,0.2,215,120,0.2,0.1,1338,190,1.1,0.2,45,43,0.0,0.1,137,102,0.1,0.1
0500000US48453,48453,"Travis County, Texas",1176584,*****,1176584,(X),583265,124,49.6,0.1,909379,*****,909379,(X),100.9,0.1,(X),(X),104344,15,104344,(X),81.2,0.1,(X),(X),1138372,2084,96.8,0.2,1176584,*****,1176584,(X),398398,*****,33.9,*****,328619,3495,27.9,0.3,778186,*****,66.1,*****,580292,505,49.3,0.1,92653,1325,7.9,0.1,1875,382,0.2,0.1,74442,970,6.3,0.1,439,224,0.0,0.1,2250,537,0.2,0.1
0500000US48455,48455,"Trinity County, Texas",14481,*****,14481,(X),7522,142,51.9,1.0,11537,8,11537,(X),90.4,1.7,(X),(X),3786,94,3786,(X),91.2,4.5,(X),(X),14224,97,98.2,0.7,14481,*****,14481,(X),1347,*****,9.3,*****,1021,151,7.1,1.0,13134,*****,90.7,*****,11454,21,79.1,0.3,1382,112,9.5,0.8,44,27,0.3,0.2,52,73,0.4,0.5,0,21,0.0,0.3,0,21,0.0,0.3
0500000US48457,48457,"Tyler County, Texas",21456,*****,21456,(X),9730,147,45.3,0.7,17381,136,17381,(X),121.8,3.3,(X),(X),4526,70,4526,(X),80.5,2.1,(X),(X),21094,108,98.3,0.5,21456,*****,21456,(X),1564,*****,7.3,*****,1333,153,6.2,0.7,19892,*****,92.7,*****,17081,14,79.6,0.1,2313,95,10.8,0.4,21,22,0.1,0.1,73,53,0.3,0.2,0,25,0.0,0.2,62,51,0.3,0.2
0500000US48459,48459,"Upshur County, Texas",40506,*****,40506,(X),20471,129,50.5,0.3,30797,35,30797,(X),94.8,1.1,(X),(X),6966,75,6966,(X),84.9,2.3,(X),(X),39772,224,98.2,0.6,40506,*****,40506,(X),3263,*****,8.1,*****,2765,279,6.8,0.7,37243,*****,91.9,*****,32704,74,80.7,0.2,3611,144,8.9,0.4,298,101,0.7,0.2,91,68,0.2,0.2,0,28,0.0,0.1,136,145,0.3,0.4
0500000US48461,48461,"Upton County, Texas",3575,*****,3575,(X),1828,99,51.1,2.8,2498,84,2498,(X),105.9,8.9,(X),(X),482,88,482,(X),84.7,18.2,(X),(X),3554,19,99.4,0.5,3575,*****,3575,(X),1778,142,49.7,4.0,1753,145,49.0,4.0,1797,142,50.3,4.0,1537,135,43.0,3.8,238,27,6.7,0.8,4,5,0.1,0.1,9,11,0.3,0.3,0,13,0.0,1.1,3,6,0.1,0.2
0500000US48463,48463,"Uvalde County, Texas",27015,*****,27015,(X),13827,155,51.2,0.6,19549,97,19549,(X),94.5,1.4,(X),(X),4431,132,4431,(X),80.7,4.3,(X),(X),26349,566,97.5,2.1,27015,*****,27015,(X),19158,*****,70.9,*****,17915,424,66.3,1.6,7857,*****,29.1,*****,7325,18,27.1,0.1,40,50,0.1,0.2,108,99,0.4,0.4,275,171,1.0,0.6,2,4,0.0,0.1,0,25,0.0,0.1
0500000US48465,48465,"Val Verde County, Texas",48976,*****,48976,(X),24140,106,49.3,0.2,34782,56,34782,(X),102.1,1.0,(X),(X),6810,96,6810,(X),83.1,2.4,(X),(X),48250,272,98.5,0.6,48976,*****,48976,(X),39855,*****,81.4,*****,38195,440,78.0,0.9,9121,*****,18.6,*****,7811,14,15.9,0.1,534,165,1.1,0.3,64,72,0.1,0.1,269,50,0.5,0.1,48,46,0.1,0.1,0,28,0.0,0.1
0500000US48467,48467,"Van Zandt County, Texas",53607,*****,53607,(X),27300,106,50.9,0.2,41128,80,41128,(X),94.5,0.6,(X),(X),10677,84,10677,(X),87.0,1.0,(X),(X),52587,210,98.1,0.4,53607,*****,53607,(X),5510,*****,10.3,*****,5275,120,9.8,0.2,48097,*****,89.7,*****,45206,63,84.3,0.1,1406,165,2.6,0.3,294,115,0.5,0.2,249,40,0.5,0.1,57,80,0.1,0.1,22,39,0.0,0.1
0500000US48469,48469,"Victoria County, Texas",91518,*****,91518,(X),46728,146,51.1,0.2,67907,39,67907,(X),93.4,0.5,(X),(X),13697,105,13697,(X),78.7,1.3,(X),(X),89692,417,98.0,0.5,91518,*****,91518,(X),42139,*****,46.0,*****,39554,488,43.2,0.5,49379,*****,54.0,*****,41590,159,45.4,0.2,5331,228,5.8,0.2,137,94,0.1,0.1,971,188,1.1,0.2,0,31,0.0,0.1,171,141,0.2,0.2
0500000US48471,48471,"Walker County, Texas",70818,*****,70818,(X),29383,162,41.5,0.2,59926,130,59926,(X),148.7,1.2,(X),(X),8473,129,8473,(X),91.9,2.8,(X),(X),69803,365,98.6,0.5,70818,*****,70818,(X),12584,*****,17.8,*****,11328,382,16.0,0.5,58234,*****,82.2,*****,40319,6,56.9,0.1,16198,180,22.9,0.3,245,114,0.3,0.2,859,90,1.2,0.1,10,17,0.0,0.1,28,47,0.0,0.1
0500000US48473,48473,"Waller County, Texas",48443,*****,48443,(X),24234,124,50.0,0.3,36709,49,36709,(X),95.8,0.7,(X),(X),5519,52,5519,(X),88.0,1.5,(X),(X),47128,419,97.3,0.9,48443,*****,48443,(X),14230,*****,29.4,*****,12459,534,25.7,1.1,34213,*****,70.6,*****,20853,64,43.0,0.1,12041,311,24.9,0.6,36,46,0.1,0.1,351,64,0.7,0.1,20,27,0.0,0.1,66,75,0.1,0.2
0500000US48475,48475,"Ward County, Texas",11498,*****,11498,(X),5708,111,49.6,1.0,8291,101,8291,(X),101.4,5.4,(X),(X),1614,75,1614,(X),82.2,4.7,(X),(X),11374,65,98.9,0.6,11498,*****,11498,(X),6001,*****,52.2,*****,5715,115,49.7,1.0,5497,*****,47.8,*****,4758,14,41.4,0.1,553,65,4.8,0.6,64,25,0.6,0.2,32,38,0.3,0.3,0,21,0.0,0.3,15,14,0.1,0.1
0500000US48477,48477,"Washington County, Texas",34667,*****,34667,(X),17468,230,50.4,0.7,27204,*****,27204,(X),92.9,1.5,(X),(X),7045,109,7045,(X),78.9,2.7,(X),(X),34244,287,98.8,0.8,34667,*****,34667,(X),5372,*****,15.5,*****,4779,315,13.8,0.9,29295,*****,84.5,*****,22344,11,64.5,0.1,5882,280,17.0,0.8,93,101,0.3,0.3,612,29,1.8,0.1,41,62,0.1,0.2,0,28,0.0,0.1
0500000US48479,48479,"Webb County, Texas",269624,*****,269624,(X),137967,144,51.2,0.1,178245,44,178245,(X),91.6,0.2,(X),(X),23659,81,23659,(X),73.8,0.4,(X),(X),268225,319,99.5,0.1,269624,*****,269624,(X),257482,*****,95.5,*****,246824,1122,91.5,0.4,12142,*****,4.5,*****,9382,175,3.5,0.1,736,65,0.3,0.1,154,25,0.1,0.1,1343,145,0.5,0.1,25,37,0.0,0.1,175,173,0.1,0.1
0500000US48481,48481,"Wharton County, Texas",41430,*****,41430,(X),21075,120,50.9,0.3,30613,*****,30613,(X),94.8,*****,(X),(X),6603,*****,6603,(X),79.2,*****,(X),(X),41064,199,99.1,0.5,41430,*****,41430,(X),16682,*****,40.3,*****,15897,263,38.4,0.6,24748,*****,59.7,*****,18756,45,45.3,0.1,5725,157,13.8,0.4,28,31,0.1,0.1,38,45,0.1,0.1,0,28,0.0,0.1,33,45,0.1,0.1
0500000US48483,48483,"Wheeler County, Texas",5599,*****,5599,(X),2728,62,48.7,1.1,4143,8,4143,(X),99.3,3.6,(X),(X),1018,41,1018,(X),92.1,7.2,(X),(X),5426,51,96.9,0.9,5599,*****,5599,(X),1485,*****,26.5,*****,1421,56,25.4,1.0,4114,*****,73.5,*****,3825,19,68.3,0.7,150,48,2.7,0.9,6,8,0.1,0.1,7,8,0.1,0.1,13,20,0.2,0.4,0,19,0.0,0.7
0500000US48485,48485,"Wichita County, Texas",131778,*****,131778,(X),63439,102,48.1,0.1,101975,*****,101975,(X),107.7,*****,(X),(X),18374,38,18374,(X),73.5,0.4,(X),(X),126493,665,96.0,0.5,131778,*****,131778,(X),24423,*****,18.5,*****,21547,529,16.4,0.4,107355,*****,81.5,*****,87142,155,66.1,0.1,13018,414,9.9,0.3,773,174,0.6,0.1,2668,232,2.0,0.2,48,36,0.0,0.1,477,183,0.4,0.1
0500000US48487,48487,"Wilbarger County, Texas",12972,*****,12972,(X),6557,152,50.5,1.2,9995,6,9995,(X),95.6,3.3,(X),(X),2157,121,2157,(X),84.2,8.9,(X),(X),12624,128,97.3,1.0,12972,*****,12972,(X),3710,*****,28.6,*****,3270,168,25.2,1.3,9262,*****,71.4,*****,7708,25,59.4,0.2,1034,134,8.0,1.0,95,51,0.7,0.4,119,135,0.9,1.0,0,21,0.0,0.3,15,22,0.1,0.2
0500000US48489,48489,"Willacy County, Texas",21839,*****,21839,(X),10018,185,45.9,0.8,16457,*****,16457,(X),120.6,4.9,(X),(X),2858,*****,2858,(X),80.2,*****,(X),(X),21744,72,99.6,0.3,21839,*****,21839,(X),19208,*****,88.0,*****,18730,185,85.8,0.8,2631,*****,12.0,*****,2415,99,11.1,0.5,142,87,0.7,0.4,2,3,0.0,0.1,22,25,0.1,0.1,3,4,0.0,0.1,0,25,0.0,0.2
0500000US48491,48491,"Williamson County, Texas",508313,*****,508313,(X),258207,163,50.8,0.1,372401,132,372401,(X),94.1,0.2,(X),(X),56929,82,56929,(X),78.8,0.3,(X),(X),489026,1645,96.2,0.3,508313,*****,508313,(X),122387,*****,24.1,*****,102093,1907,20.1,0.4,385926,*****,75.9,*****,309652,296,60.9,0.1,30364,960,6.0,0.2,962,179,0.2,0.1,30611,667,6.0,0.1,323,157,0.1,0.1,896,296,0.2,0.1
0500000US48493,48493,"Wilson County, Texas",47205,*****,47205,(X),23502,63,49.8,0.1,35545,16,35545,(X),99.1,0.4,(X),(X),6863,49,6863,(X),93.4,1.3,(X),(X),46026,300,97.5,0.6,47205,*****,47205,(X),18488,*****,39.2,*****,16234,625,34.4,1.3,28717,*****,60.8,*****,27225,63,57.7,0.1,634,74,1.3,0.2,85,59,0.2,0.1,163,85,0.3,0.2,32,47,0.1,0.1,57,63,0.1,0.1
0500000US48495,48495,"Winkler County, Texas",7777,*****,7777,(X),3809,100,49.0,1.3,5436,47,5436,(X),105.6,2.3,(X),(X),873,5,873,(X),81.9,0.8,(X),(X),7647,111,98.3,1.4,7777,*****,7777,(X),4619,*****,59.4,*****,4265,201,54.8,2.6,3158,*****,40.6,*****,2870,19,36.9,0.5,181,109,2.3,1.4,67,96,0.9,1.2,0,19,0.0,0.5,0,19,0.0,0.5,0,19,0.0,0.5
0500000US48497,48497,"Wise County, Texas",63247,*****,63247,(X),31481,95,49.8,0.1,47367,*****,47367,(X),99.5,0.4,(X),(X),9228,68,9228,(X),90.0,1.4,(X),(X),61789,323,97.7,0.5,63247,*****,63247,(X),11859,*****,18.8,*****,11113,279,17.6,0.4,51388,*****,81.2,*****,49012,50,77.5,0.1,752,47,1.2,0.1,239,83,0.4,0.1,314,79,0.5,0.1,111,68,0.2,0.1,8,8,0.0,0.1
0500000US48499,48499,"Wood County, Texas",43315,*****,43315,(X),21792,128,50.3,0.3,34858,20,34858,(X),96.1,0.6,(X),(X),11631,134,11631,(X),87.2,2.0,(X),(X),42747,198,98.7,0.5,43315,*****,43315,(X),4167,*****,9.6,*****,3804,209,8.8,0.5,39148,*****,90.4,*****,36029,3,83.2,0.1,2389,136,5.5,0.3,260,88,0.6,0.2,38,35,0.1,0.1,34,55,0.1,0.1,49,59,0.1,0.1
0500000US48501,48501,"Yoakum County, Texas",8481,*****,8481,(X),4195,163,49.5,1.9,5684,*****,5684,(X),100.0,*****,(X),(X),944,127,944,(X),85.1,15.2,(X),(X),8295,124,97.8,1.5,8481,*****,8481,(X),5516,*****,65.0,*****,5192,254,61.2,3.0,2965,*****,35.0,*****,2813,107,33.2,1.3,0,19,0.0,0.5,13,19,0.2,0.2,3,5,0.0,0.1,0,19,0.0,0.5,0,19,0.0,0.5
0500000US48503,48503,"Young County, Texas",18166,*****,18166,(X),9244,131,50.9,0.7,13744,48,13744,(X),94.9,1.4,(X),(X),3583,87,3583,(X),76.2,4.7,(X),(X),18029,108,99.2,0.6,18166,*****,18166,(X),3283,*****,18.1,*****,3027,159,16.7,0.9,14883,*****,81.9,*****,14306,21,78.8,0.2,271,110,1.5,0.6,94,79,0.5,0.4,75,32,0.4,0.2,0,21,0.0,0.2,0,21,0.0,0.2
0500000US48505,48505,"Zapata County, Texas",14415,*****,14415,(X),7225,44,50.1,0.3,9532,35,9532,(X),92.9,1.7,(X),(X),1832,123,1832,(X),83.8,5.3,(X),(X),14415,21,100.0,0.3,14415,*****,14415,(X),13560,*****,94.1,*****,13439,115,93.2,0.8,855,*****,5.9,*****,753,127,5.2,0.9,0,21,0.0,0.3,0,21,0.0,0.3,102,127,0.7,0.9,0,21,0.0,0.3,0,21,0.0,0.3
0500000US48507,48507,"Zavala County, Texas",12152,*****,12152,(X),5989,76,49.3,0.6,8509,32,8509,(X),102.2,2.5,(X),(X),1614,30,1614,(X),75.6,4.7,(X),(X),12068,73,99.3,0.6,12152,*****,12152,(X),11374,*****,93.6,*****,10732,357,88.3,2.9,778,*****,6.4,*****,660,70,5.4,0.6,61,41,0.5,0.3,11,15,0.1,0.1,4,9,0.0,0.1,0,21,0.0,0.3,0,21,0.0,0.3
